,SK_ID_CURR,AMT_INCOME_TOTAL,AMT_CREDIT_x,DAYS_BIRTH,FLAG_MOBIL,REGION_RATING_CLIENT,EXT_SOURCE_1,EXT_SOURCE_2,EXT_SOURCE_3,FLAG_DOCUMENT_2,FLAG_DOCUMENT_4,FLAG_DOCUMENT_7,FLAG_DOCUMENT_10,FLAG_DOCUMENT_12,FLAG_DOCUMENT_15,FLAG_DOCUMENT_17,FLAG_DOCUMENT_19,FLAG_DOCUMENT_20,FLAG_DOCUMENT_21,DAYS_CREDIT,CREDIT_DAY_OVERDUE,DAYS_ENDDATE_FACT,AMT_CREDIT_SUM_OVERDUE,DAYS_CREDIT_UPDATE,MIN_MONTH,ACTIVE_LOANS_PERCENTAGE,DAYS_DIFF,CREDIT_ENDDATE_PERCENTAGE,DEBT_CREDIT_RATIO,MONTHS_BALANCE,CNT_DRAWINGS_ATM_CURRENT,CNT_DRAWINGS_CURRENT,CNT_INSTALMENT_MATURE_CUM,CREDIT_LOAD,DRAWINGS_RATIO,AMT_ANNUITY,AMT_APPLICATION,HOUR_APPR_PROCESS_START_y,DAYS_DECISION_x,DIFF_CRE_GOODS_x,DAYS_DECISION_y,CODE_GENDER_F,TARGET
125214,253522.0,-0.3111854788431867,-1.1146138885958028,1.0,0.0,1.8051897839383917,0.16092497979807954,0.06240456714648945,0.8454381356605892,-0.0074191932659464265,-0.007931482409607438,-0.012851127090210959,-0.004856925721072476,-0.002804125323064525,-0.029422525933471305,-0.015102339616953746,-0.02002939802482077,-0.020988691453578897,-0.01751437385974115,-1.6943073858392592,-0.03643022384536185,-1.2777823596827762,-0.010305766035048557,-1.801443950988298,0.611075450802597,-0.37520231084609623,1.2393094008454744,-1.2074935913994722,-0.8774498124123146,0.4669923070622081,-0.2594710283950193,-0.2310328233872581,-0.35601071663999606,-0.466806183785054,-0.2910679710048638,-1.155522865696813,-0.7754570799581572,-2.1066857752087587,-2.0483585047296784,-1.5049857856645643,-1.6482930761319101,0.6753498097271137,0.0
37122,145357.0,0.10550479508240729,0.30605748498801927,1.0,0.0,-2.0512651916530293,1.3701197561580112,0.7268540853169699,-0.7863410399386839,-0.0074191932659464265,-0.007931482409607438,-0.012851127090210959,-0.004856925721072476,-0.002804125323064525,-0.029422525933471305,-0.015102339616953746,-0.02002939802482077,-0.020988691453578897,-0.01751437385974115,1.4790867507261405,-0.03643022384536185,1.20066877925601,-0.010305766035048557,1.042510930827823,0.611075450802597,2.0009213321054276,-1.0308333997024448,1.853544064473062,-0.8774498124123146,0.4669923070622081,-0.2594710283950193,-0.2310328233872581,-0.35601071663999606,-0.466806183785054,-0.2910679710048638,0.3621005414935425,0.2681939394458087,-0.6679105891588857,0.7442236255075565,-0.6339301042238566,0.44182928578329456,0.6753498097271137,0.0
84361,203513.0,-0.24607762354231263,-0.36576062988453223,1.0,0.0,-0.12303770385731884,-0.6055502325422022,-2.319333509382129,-0.4703325782008722,-0.0074191932659464265,-0.007931482409607438,-0.012851127090210959,-0.004856925721072476,-0.002804125323064525,-0.029422525933471305,-0.015102339616953746,-0.02002939802482077,-0.020988691453578897,-0.01751437385974115,1.3084222258778744,-0.03643022384536185,1.20066877925601,-0.010305766035048557,1.0081428960022507,0.4527571835703203,2.0009213321054276,-1.0308333997024448,1.853544064473062,2.199206343197909,-3.29528266204616,0.31122468498002737,-0.10941110083183148,3.6131418340942303,1.2974697765361065,0.013665798744952301,-0.8118705502017171,-0.6081360502029233,-0.48806369090265167,-1.7099433344092105,0.04849273886726235,0.27136761260325903,-1.480714121181239,0.0
1103,101357.0,-0.27212076566266225,-0.835809370923694,1.0,0.0,-0.12303770385731884,-1.1690889874386368,-2.3511105046720107,1.354925493440407,-0.0074191932659464265,-0.007931482409607438,-0.012851127090210959,-0.004856925721072476,-0.002804125323064525,-0.029422525933471305,-0.015102339616953746,-0.02002939802482077,-0.020988691453578897,-0.01751437385974115,-0.16315679026660831,-0.03643022384536185,-1.6141202612778947,-0.010305766035048557,-0.8374205741309905,0.611075450802597,0.4168389034710783,3.4281032992460996,0.3230252365367949,-0.14339447697704463,0.4669923070622081,-0.2594710283950193,-0.2310328233872581,-0.35601071663999606,-0.466806183785054,-0.2910679710048638,-0.2558664676719266,-0.39144707476856694,-0.06842092830477232,-0.6950871420216586,0.21115044428984178,-1.4044017591204747,0.6753498097271137,0.0
20743,125475.0,0.014353797661183606,-0.16287155919302168,1.0,0.0,-0.12303770385731884,-2.0138147065966576,-0.5088437794435187,0.9605901120498873,-0.0074191932659464265,-0.007931482409607438,-0.012851127090210959,-0.004856925721072476,-0.002804125323064525,-0.029422525933471305,-0.015102339616953746,-0.02002939802482077,-0.020988691453578897,-0.01751437385974115,0.19427268630240171,-0.03643022384536185,1.0814810762635652,-0.010305766035048557,0.9050387915255333,0.611075450802597,-1.167243525163271,-1.0308333997024448,-1.2074935913994722,-0.8774498124123146,0.4669923070622081,-0.2594710283950193,-0.2310328233872581,-0.35601071663999606,-0.466806183785054,-0.2910679710048638,-0.8520159057561174,-0.6638880586929798,1.4452904653518648,-1.7492158455464868,-0.1824705815843509,-2.2475314195417275,-1.480714121181239,0.0
5442,106655.0,-0.22003448142196302,-0.890674516971619,1.0,0.0,-0.12303770385731884,-1.6581310766606479,1.3645071750455626,1.4946916354485265,-0.0074191932659464265,-0.007931482409607438,-0.012851127090210959,-0.004856925721072476,-0.002804125323064525,-0.029422525933471305,-0.015102339616953746,-0.02002939802482077,-0.020988691453578897,-0.01751437385974115,-1.6472136372372614,-0.03643022384536185,-2.6976944428145075,-0.010305766035048557,-2.074669827851599,-2.7399945389472586,0.4168389034710783,2.0489851925302585,-0.44223417743133875,-0.8774498124123146,-0.08167279259942885,-0.2594710283950193,-0.2310328233872581,-0.35601071663999606,-0.466806183785054,-0.2910679710048638,-0.8078348644244094,-0.6237955874906502,-0.48806369090265167,-0.7050634304766046,-0.8187165551140916,0.621469664442255,-1.480714121181239,0.0
29835,136498.0,0.24874207674433024,2.8780011680917705,1.0,0.0,-2.0512651916530293,0.26155466690285417,1.1685583672198931,-0.38332746098562265,-0.0074191932659464265,-0.007931482409607438,-0.012851127090210959,-0.004856925721072476,-0.002804125323064525,-0.029422525933471305,-0.015102339616953746,-0.02002939802482077,-0.020988691453578897,-0.01751437385974115,-1.6604964894070557,-0.03643022384536185,-1.0617205668184804,-0.010305766035048557,-1.724934159174226,0.611075450802597,1.0957313728857994,0.9433301363363471,-0.33291140400731967,0.7555975981676787,0.4669923070622081,-0.2594710283950193,-0.2310328233872581,-0.35601071663999606,-0.466806183785054,-0.2910679710048638,0.12746618261831508,0.37220340374514116,-0.6679105891588857,-1.2276572547517801,-0.5328626684564222,-0.9192416123772968,0.6753498097271137,0.0
51553,163040.0,-0.24607762354231263,-0.9354623912964558,1.0,0.0,-0.12303770385731884,-1.1226534362191978,-1.4617051469308937,-1.5703166234879962,-0.0074191932659464265,-0.007931482409607438,-0.012851127090210959,-0.004856925721072476,-0.002804125323064525,-0.029422525933471305,-0.015102339616953746,-0.02002939802482077,-0.020988691453578897,-0.01751437385974115,0.8415098465760145,-0.03643022384536185,0.8349421289778228,-0.010305766035048557,0.5613584432698088,0.611075450802597,-1.167243525163271,-1.0308333997024448,-1.2074935913994722,-0.8774498124123146,-0.08167279259942885,1.5755351427184636,0.1449869993062946,0.15457925578592613,-0.09175855085398338,0.7216904172003552,-0.6528970649334775,0.024384534265040576,-1.3872981821838222,0.893137980005778,0.006152719006213581,0.5532849951702409,0.6753498097271137,0.0
104724,228359.0,-0.11586191294056453,-0.7089813078043375,1.0,0.0,-0.12303770385731884,-1.059158555037582,0.16696456273164628,1.1186893805059461,-0.0074191932659464265,-0.007931482409607438,-0.012851127090210959,-0.004856925721072476,-0.002804125323064525,-0.029422525933471305,-0.015102339616953746,-0.02002939802482077,-0.020988691453578897,-0.01751437385974115,0.09069327342279364,-0.03643022384536185,-0.4842861452399237,-0.010305766035048557,-0.2382711670051772,0.611075450802597,-0.11118857274037143,1.5265727115531058,-0.18714770610862758,-0.8774498124123146,0.4669923070622081,-0.2594710283950193,-0.2310328233872581,-0.35601071663999606,-0.466806183785054,-0.2910679710048638,0.5506168223239406,0.32513769316204216,0.5910176986347528,0.1240391373620225,0.45981050434565945,-0.3278707308065582,-1.480714121181239,0.0
41699,150945.0,-0.24607762354231263,0.0050829695251161915,1.0,0.0,-0.12303770385731884,-0.29823579739029854,-0.9730228959559563,1.0530865001047423,-0.0074191932659464265,-0.007931482409607438,-0.012851127090210959,-0.004856925721072476,-0.002804125323064525,-0.029422525933471305,-0.015102339616953746,-0.02002939802482077,-0.020988691453578897,-0.01751437385974115,0.2924852902245171,-0.03643022384536185,0.2487998635766211,-0.010305766035048557,0.39066387030279887,0.611075450802597,0.4168389034710783,1.6943548222318994,0.3230252365367949,-0.6556714152659867,-2.1587620984613403,0.7919925827075524,-0.015572429116572244,2.7093205574419432,2.911242602368621,0.479129764854969,-0.4943362786666166,0.0868656900422979,-0.06842092830477232,-1.6138789763113384,-0.155541672754903,-0.27410974157285467,0.6753498097271137,0.0
62329,176311.0,0.014353797661183606,-1.058629045689757,1.0,0.0,-2.0512651916530293,-0.3488061489610185,0.6960562863446901,-1.5703166234879962,-0.0074191932659464265,-0.007931482409607438,-0.012851127090210959,-0.004856925721072476,-0.002804125323064525,-0.029422525933471305,-0.015102339616953746,-0.02002939802482077,-0.020988691453578897,-0.01751437385974115,-0.14866640608137818,-0.03643022384536185,1.20066877925601,-0.010305766035048557,-1.2464001885553027,0.611075450802597,2.0009213321054276,-1.0308333997024448,1.853544064473062,-0.8774498124123146,0.4669923070622081,-0.2594710283950193,-0.2310328233872581,-0.35601071663999606,-0.466806183785054,-0.2910679710048638,-0.06657352295655383,-0.05104932720278566,1.4902521899159233,1.2645478994601655,0.006152719006213581,0.8312686468176834,0.6753498097271137,0.0
46692,157040.0,-0.3111854788431867,-0.946659359877665,1.0,0.0,-0.12303770385731884,1.3666020175291314,0.3000009494204426,1.602191329183362,-0.0074191932659464265,-0.007931482409607438,-0.012851127090210959,-0.004856925721072476,-0.002804125323064525,-0.029422525933471305,-0.015102339616953746,-0.02002939802482077,-0.020988691453578897,-0.01751437385974115,-2.4478073634712265,-0.03643022384536185,-0.8222567550952127,-0.010305766035048557,0.27954055770011454,0.611075450802597,0.4168389034710783,0.8961187199115784,-1.2074935913994722,-0.8774498124123146,0.4669923070622081,-0.2594710283950193,-0.2310328233872581,-0.35601071663999606,-0.466806183785054,-0.2910679710048638,0.5760159658122815,-0.35530549479491325,0.14140045299416765,0.006659587345777365,0.34471188052227214,0.6345821008407193,0.6753498097271137,0.0
80773,199007.0,-0.28514233672283706,-1.2081085762488997,1.0,0.0,-0.12303770385731884,1.1611975961757295,0.37105418171581006,1.2601222319118623,-0.0074191932659464265,-0.007931482409607438,-0.012851127090210959,-0.004856925721072476,-0.002804125323064525,-0.029422525933471305,-0.015102339616953746,-0.02002939802482077,-0.020988691453578897,-0.01751437385974115,-0.19535764401156416,-0.03643022384536185,-0.22305282361264714,-0.010305766035048557,-0.8546045915437767,0.611075450802597,-1.167243525163271,-1.0308333997024448,-1.2074935913994722,-0.8774498124123146,0.4669923070622081,-0.2594710283950193,-0.2310328233872581,-0.35601071663999606,-0.466806183785054,-0.2910679710048638,-0.9250305938175101,-0.6942945904749805,-0.7192954172320953,-1.2897712635799152,-0.24617174806677272,-1.1067494528753359,0.6753498097271137,0.0
49475,160457.0,-0.11586191294056453,-1.058629045689757,1.0,0.0,1.8051897839383917,-0.08651743214151807,-1.4964401152188704,0.7130309222129484,-0.0074191932659464265,-0.007931482409607438,-0.012851127090210959,-0.004856925721072476,-0.002804125323064525,-0.029422525933471305,-0.015102339616953746,-0.02002939802482077,-0.020988691453578897,-0.01751437385974115,0.897324659733938,-0.03643022384536185,1.0382143073690473,-0.010305766035048557,0.9691924565332686,0.611075450802597,-0.11118857274037143,0.2758333410384628,1.853544064473062,0.8603068420035985,0.4669923070622081,-0.2594710283950193,-0.2310328233872581,-0.35601071663999606,-0.466806183785054,-0.2910679710048638,-0.5371542093877036,-0.07992567516796847,-1.5671450804400562,1.004385762483861,-0.13693884604338202,0.5978672789250193,0.6753498097271137,0.0
94485,215888.0,0.3398930741655539,1.0432658963748325,1.0,0.0,-0.12303770385731884,-0.2433597612712141,0.021815108538764942,1.182272675971639,-0.0074191932659464265,-0.007931482409607438,-0.012851127090210959,-0.004856925721072476,-0.002804125323064525,-0.029422525933471305,-0.015102339616953746,-0.02002939802482077,-0.020988691453578897,-0.01751437385974115,-0.1679869183283517,-0.03643022384536185,-0.22917547958828643,-0.010305766035048557,-0.5147429138242267,0.611075450802597,-0.11118857274037143,0.19617920768590427,-0.18714770610862758,1.004288019181405,0.4669923070622081,-0.2594710283950193,-0.2310328233872581,-0.35601071663999606,-0.466806183785054,-0.2910679710048638,-0.3251559814100244,-0.4384382511174025,0.2912728682076959,-1.3081665661944015,0.1849689142575447,0.2412090088867912,-1.480714121181239,0.0
24353,129856.0,0.2747852188646799,0.9120374246030607,1.0,0.0,-2.0512651916530293,0.2241236016484682,1.1060881858876839,0.004788129284519688,-0.0074191932659464265,-0.007931482409607438,-0.012851127090210959,-0.004856925721072476,-0.002804125323064525,-0.029422525933471305,-0.015102339616953746,-0.02002939802482077,-0.020988691453578897,-0.01751437385974115,-0.510235992417597,-0.03643022384536185,-0.5163960079215406,-0.010305766035048557,-0.7564102063278553,0.611075450802597,-0.7146485455534568,0.5177010590299703,-0.770202497703396,-0.3687658349023614,0.4669923070622081,-0.2594710283950193,-0.2310328233872581,-0.35601071663999606,-0.466806183785054,-0.2910679710048638,-0.2717902925010794,-0.44633316197980544,0.4111708003785188,-0.23861111418070502,0.0045400747103706085,0.7158792065111979,0.6753498097271137,0.0
42381,151790.0,0.10550479508240729,0.06106781243116215,1.0,0.0,-0.12303770385731884,0.3195599909346901,1.0274755281053376,-0.441758353143244,-0.0074191932659464265,-0.007931482409607438,-0.012851127090210959,-0.004856925721072476,-0.002804125323064525,-0.029422525933471305,-0.015102339616953746,-0.02002939802482077,-0.020988691453578897,-0.01751437385974115,-0.10506108330175039,-0.03643022384536185,-0.4423799333446801,-0.010305766035048557,-0.29497842446737177,0.611075450802597,0.4168389034710783,-0.012277354066536244,0.06793876521408372,0.23112731803013584,0.4669923070622081,-0.2594710283950193,-0.2310328233872581,-0.35601071663999606,-0.466806183785054,-0.2910679710048638,-0.7258058092605607,-0.7257071337890278,-0.30821679264641755,1.2838191688658178,0.006152719006213581,0.8456923268559942,0.6753498097271137,0.0
17641,121679.0,-0.11586191294056453,-0.6779321139286445,1.0,0.0,1.8051897839383917,-1.7852128389778013,-1.6846177555514397,-0.977075696230759,-0.0074191932659464265,-0.007931482409607438,-0.012851127090210959,-0.004856925721072476,-0.002804125323064525,-0.029422525933471305,-0.015102339616953746,-0.02002939802482077,-0.020988691453578897,-0.01751437385974115,0.49400896657836574,-0.03643022384536185,-0.1659080345066804,-0.010305766035048557,0.1875105977783038,-0.4531751233699295,0.4168389034710783,-0.239376372561065,0.3230252365367949,0.9399472030406634,0.4669923070622081,-0.2594710283950193,-0.2310328233872581,-0.35601071663999606,-0.466806183785054,-0.2910679710048638,-0.543664066611082,-0.48031836523781113,0.4111708003785188,0.16199769831254948,0.20667761681776634,-0.6189668188524651,-1.480714121181239,0.0
64913,179498.0,-0.11586191294056453,1.292734356364173,1.0,0.0,-0.12303770385731884,-1.3474867308666687,-1.1338389790874754,-0.015335346384276197,-0.0074191932659464265,-0.007931482409607438,-0.012851127090210959,-0.004856925721072476,-0.002804125323064525,-0.029422525933471305,-0.015102339616953746,-0.02002939802482077,-0.020988691453578897,-0.01751437385974115,0.23271245546044275,-0.03643022384536185,-0.24019626034443717,-0.010305766035048557,0.5490432307906452,-0.728033226203743,1.2088801177882529,-0.07879702925989637,1.0882846505049284,-0.4335839021824854,0.4669923070622081,-0.2594710283950193,-0.2310328233872581,-0.35601071663999606,-0.466806183785054,-0.2910679710048638,-0.6180991712121086,-0.35509603654303973,0.4111708003785188,-0.8885784732258833,-0.40551832506644675,-0.29377839617055107,-1.480714121181239,0.0
34767,142484.0,-0.22003448142196302,-1.0628838937506164,1.0,0.0,-0.12303770385731884,-1.9575197617512268,-0.8338141864898286,-1.5703166234879962,-0.0074191932659464265,-0.007931482409607438,-0.012851127090210959,-0.004856925721072476,-0.002804125323064525,-0.029422525933471305,-0.015102339616953746,-0.02002939802482077,-0.020988691453578897,-0.01751437385974115,1.498407262973114,-0.03643022384536185,1.20066877925601,-0.010305766035048557,1.0677141563665764,0.611075450802597,-1.167243525163271,-1.0308333997024448,-1.2074935913994722,-0.8774498124123146,0.4669923070622081,-0.2594710283950193,-0.2310328233872581,-0.35601071663999606,-0.466806183785054,-0.2910679710048638,0.2050027418850105,-0.6901281970003337,0.10286183193926017,0.4916949134256987,0.2705004851053393,0.22285159792894121,0.6753498097271137,0.0
114200,239900.0,-0.1809697682414386,-1.1370078257582212,1.0,0.0,-0.12303770385731884,1.1717909169815315,0.1512348773237604,-0.3110500467879706,-0.0074191932659464265,-0.007931482409607438,-0.012851127090210959,-0.004856925721072476,-0.002804125323064525,-0.029422525933471305,-0.015102339616953746,-0.02002939802482077,-0.020988691453578897,-0.01751437385974115,-0.2766647997175777,-0.03643022384536185,-0.2222364694825619,-0.010305766035048557,-0.1486278761684757,0.611075450802597,0.4168389034710783,0.4715791368303886,0.3230252365367949,-0.24150983743467377,-2.824998290907614,-0.2594710283950193,-0.2310328233872581,-0.35601071663999606,-0.466806183785054,-0.2910679710048638,-0.2599784329379371,-0.5689167982141933,0.3392320410760254,-0.69796809946816,-0.31924090146294526,-2.218684059465106,0.6753498097271137,0.0
10771,113199.0,-0.05075405763969046,-0.13555095585487126,1.0,0.0,-0.12303770385731884,-0.8705922809056696,-1.2865403888108264,1.1478476287485453,-0.0074191932659464265,-0.007931482409607438,-0.012851127090210959,-0.004856925721072476,-0.002804125323064525,-0.029422525933471305,-0.015102339616953746,-0.02002939802482077,-0.020988691453578897,-0.01751437385974115,-0.9005563410260975,-0.03643022384536185,-0.10647741397543348,-0.010305766035048557,-0.2138316755736591,-1.9484032027858755,-0.6392160489518212,0.73003137802752,-0.69732064875405,-0.49605616734818436,-0.5911475279995203,-0.2594710283950193,-0.2310328233872581,-0.35601071663999606,-0.466806183785054,-0.2910679710048638,0.04397385185868016,0.02575795041753112,-0.6402418355810037,-0.5589454315040284,0.13418149198377882,-0.5625833423390687,0.6753498097271137,0.0
45767,155932.0,0.014353797661183606,-0.946659359877665,1.0,0.0,-0.12303770385731884,0.9483445265463133,-0.40445670961049823,-1.5703166234879962,-0.0074191932659464265,-0.007931482409607438,-0.012851127090210959,-0.004856925721072476,-0.002804125323064525,-0.029422525933471305,-0.015102339616953746,-0.02002939802482077,-0.020988691453578897,-0.01751437385974115,-0.13888230052041078,-0.03643022384536185,-0.17127263312544,-0.010305766035048557,-0.04915885229830922,0.611075450802597,0.29498640896074385,-0.32528811377110767,0.676221889137472,-0.6703219456400397,-0.8654800778303389,2.2377549187123553,0.5904099297697316,-0.05102171881577713,1.5254324467840052,0.3870955896182077,-0.13351975391669604,0.16856403853742158,-1.7469919786962902,0.6198363411619834,0.34410985717265297,-0.232149945097769,0.6753498097271137,0.0
33896,141418.0,-0.05075405763969046,-0.4987806166292974,1.0,0.0,-2.0512651916530293,0.9636917378953571,0.9681127067308648,-0.24912853061381376,-0.0074191932659464265,-0.007931482409607438,-0.012851127090210959,-0.004856925721072476,-0.002804125323064525,-0.029422525933471305,-0.015102339616953746,-0.02002939802482077,-0.020988691453578897,-0.01751437385974115,0.852780145386749,-0.03643022384536185,1.20066877925601,-0.010305766035048557,1.031054919219299,0.611075450802597,2.0009213321054276,-1.0308333997024448,1.853544064473062,1.4340361347932926,0.4669923070622081,-0.2594710283950193,-0.2310328233872581,-0.35601071663999606,-0.466806183785054,-0.2910679710048638,-0.9281777969139037,-0.6644297610685148,2.20963978294086,0.4621623187521018,0.681901419842429,0.2307190597680198,0.6753498097271137,0.0
2121,102598.0,0.014353797661183606,0.7328859273037136,1.0,0.0,-0.12303770385731884,0.9520282534550846,-0.7714365203171909,0.8649177877516291,-0.0074191932659464265,-0.007931482409607438,-0.012851127090210959,-0.004856925721072476,-0.002804125323064525,-0.029422525933471305,-0.015102339616953746,-0.02002939802482077,-0.020988691453578897,-0.01751437385974115,0.04051360967023749,-0.03643022384536185,0.1508373679663924,-0.010305766035048557,0.3104717890431298,-0.9457208436481234,0.4168389034710783,-0.6571368804633136,0.3230252365367949,0.2923334871979694,0.4669923070622081,-0.2594710283950193,-0.2310328233872581,-0.35601071663999606,-0.466806183785054,-0.2910679710048638,1.822697494426494,-0.1874812837219602,-0.4281147248172405,1.1822070210905609,0.18922046572025444,0.8889633669709263,0.6753498097271137,0.0
29591,136205.0,0.053418510841708046,0.464158681354693,1.0,0.0,1.8051897839383917,-1.682739154152002,-1.6503138768289756,-0.45324022231987365,-0.0074191932659464265,-0.007931482409607438,-0.012851127090210959,-0.004856925721072476,-0.002804125323064525,-0.029422525933471305,-0.015102339616953746,-0.02002939802482077,-0.020988691453578897,-0.01751437385974115,-0.9329584501069593,-0.03643022384536185,-1.9401176107901978,-0.010305766035048557,-0.0375045635657914,-1.9879827695939447,0.8128595106296657,0.6539786283637741,0.7056549435208617,0.4331616110228366,0.07508866444675315,-0.2594710283950193,0.08638650745794874,-0.15638155417538072,0.14694795130244578,0.378505212261068,-0.09929549736037029,-0.2475115371956861,0.051477003866050614,1.2373929289340193,0.25961752054815534,0.7893088503425978,0.6753498097271137,0.0
35726,143664.0,-0.19399133930161339,0.337890466664397,1.0,0.0,-0.12303770385731884,-1.6201947276451991,-1.2975881105578606,-0.028704492586348048,-0.0074191932659464265,-0.007931482409607438,-0.012851127090210959,-0.004856925721072476,-0.002804125323064525,-0.029422525933471305,-0.015102339616953746,-0.02002939802482077,-0.020988691453578897,-0.01751437385974115,-0.07701950649885139,-0.03643022384536185,-0.2446045925774182,-0.010305766035048557,0.1495148259433654,-1.0644595440723308,0.02081829631249105,0.25740273039571654,-0.05960447044727193,-0.040603845424494335,-3.4128537548307962,-0.2594710283950193,-0.2310328233872581,-0.35601071663999606,-0.466806183785054,-0.2910679710048638,-0.4322069240555863,-0.41413918791023524,-1.8668899108671129,-1.8176872497226297,-0.21039561396630554,-1.7558150545993172,-1.480714121181239,0.0
2532,103089.0,0.20967736356380579,0.43907747173278444,1.0,0.0,-0.12303770385731884,-0.10478988222118137,0.04350397041206593,0.2651118167171464,-0.0074191932659464265,-0.007931482409607438,-0.012851127090210959,-0.004856925721072476,-0.002804125323064525,-0.029422525933471305,-0.015102339616953746,-0.02002939802482077,-0.020988691453578897,-0.01751437385974115,-0.3227987151791011,-0.03643022384536185,-0.8298080307985012,-0.010305766035048557,-0.5260814278777918,-1.3293381834801783,0.051281419940074756,-0.26896964305375043,-0.030171416063882107,-0.6093567913316128,0.4669923070622081,-0.2594710283950193,-0.2310328233872581,-0.35601071663999606,-0.466806183785054,-0.2910679710048638,0.09621470724671506,-0.3396387598876595,0.15424666001247037,0.17797366407524398,0.922449043582466,1.0148427563961833,0.6753498097271137,0.0
43820,153554.0,0.1185263661425821,-0.38681093081720547,1.0,0.0,-0.12303770385731884,-1.3436014395624174,0.30550514699091724,-1.1555479956326151,-0.0074191932659464265,-0.007931482409607438,-0.012851127090210959,-0.004856925721072476,-0.002804125323064525,-0.029422525933471305,-0.015102339616953746,-0.02002939802482077,-0.020988691453578897,-0.01751437385974115,-1.5225694991994947,-0.03643022384536185,-3.010085823723654,-0.010305766035048557,-1.4717017501896108,-2.608062649587028,-0.11118857274037143,3.4857254382670995,-0.18714770610862758,-0.07429854448294941,-0.8654800778303389,2.468822558070275,0.3853750384476275,1.390744437572935,2.7165103196387914,2.406737372920469,0.6838584044656214,0.4521889695810271,0.6989258375884936,-1.173092486996603,0.2638416032648748,-2.6553281915339664,0.6753498097271137,0.0
8132,109935.0,0.2226989346239806,1.687584256411934,1.0,0.0,1.8051897839383917,-0.6801393307918833,-1.2275583436986617,-1.0839268023020374,-0.0074191932659464265,-0.007931482409607438,-0.012851127090210959,-0.004856925721072476,-0.002804125323064525,-0.029422525933471305,-0.015102339616953746,-0.02002939802482077,-0.020988691453578897,-0.01751437385974115,0.5698151431029493,-0.03643022384536185,-0.01814793696125211,-0.010305766035048557,0.20736768456641239,-0.36522053046310904,0.4168389034710783,0.799516898611667,0.3230252365367949,0.8747799202097264,0.4669923070622081,-0.2594710283950193,-0.2310328233872581,-0.35601071663999606,-0.466806183785054,-0.2910679710048638,0.1030987384771776,-0.13085803724458495,1.3360977056962946,0.3760672969917856,0.36180888583902326,0.68572060279473,-1.480714121181239,0.0
40400,149336.0,0.014353797661183606,-0.8817393360438142,1.0,0.0,-2.0512651916530293,0.1824736495622622,-1.0883718860464995,0.21660966827268133,-0.0074191932659464265,-0.007931482409607438,-0.012851127090210959,-0.004856925721072476,-0.002804125323064525,-0.029422525933471305,-0.015102339616953746,-0.02002939802482077,-0.020988691453578897,-0.01751437385974115,-0.6976909624328755,-0.03643022384536185,1.20066877925601,-0.010305766035048557,1.0379285261844136,0.611075450802597,2.0009213321054276,-1.0308333997024448,1.853544064473062,0.35408497065771855,0.4669923070622081,-0.2594710283950193,-0.2310328233872581,-0.35601071663999606,-0.466806183785054,-0.2910679710048638,0.5658120431985009,-0.001494393888848874,0.6359794231988114,0.053961794068741825,-0.0071989990968421395,0.8443810832161477,0.6753498097271137,0.0
82856,201608.0,-0.3111854788431867,-1.058629045689757,1.0,0.0,-0.12303770385731884,-1.7363218227446082,-1.288715087755603,-1.5703166234879962,-0.0074191932659464265,-0.007931482409607438,-0.012851127090210959,-0.004856925721072476,-0.002804125323064525,-0.029422525933471305,-0.015102339616953746,-0.02002939802482077,-0.020988691453578897,-0.01751437385974115,1.498407262973114,-0.03643022384536185,1.20066877925601,-0.010305766035048557,1.0677141563665764,0.611075450802597,-1.167243525163271,-1.0308333997024448,-1.2074935913994722,-0.8774498124123146,0.4669923070622081,-0.2594710283950193,-0.2310328233872581,-0.35601071663999606,-0.466806183785054,-0.2910679710048638,-0.9327934283240703,-0.6725480740031985,1.130558393403455,0.45515458442277373,0.0955985861576157,0.22547408520863407,0.6753498097271137,0.0
25786,131599.0,-0.3111854788431867,-0.1651109529092635,1.0,0.0,1.8051897839383917,-0.9034070561058003,-1.113829983037417,1.2437376163237481,-0.0074191932659464265,-0.007931482409607438,-0.012851127090210959,-0.004856925721072476,-0.002804125323064525,-0.029422525933471305,-0.015102339616953746,-0.02002939802482077,-0.020988691453578897,-0.01751437385974115,-0.9010930219218466,-0.03643022384536185,-0.44183573047549124,-0.010305766035048557,-0.9588542971813464,-1.9571986620765573,-1.167243525163271,0.8130750489695494,-1.2074935913994722,-0.8774498124123146,0.4669923070622081,-0.2594710283950193,-0.2310328233872581,-0.35601071663999606,-0.466806183785054,-0.2910679710048638,-1.0316649368060211,-0.8368500158521176,0.051477003866050614,-2.1780015898222476,-0.9718319233879545,-1.7453251054805459,0.6753498097271137,0.0
21200,126023.0,0.053418510841708046,-0.7063612171563346,1.0,0.0,-0.12303770385731884,1.792134599172307,0.7405049645350283,-0.7681658758069623,-0.0074191932659464265,-0.007931482409607438,-0.012851127090210959,-0.004856925721072476,-0.002804125323064525,-0.029422525933471305,-0.015102339616953746,-0.02002939802482077,-0.020988691453578897,-0.01751437385974115,-1.9406439169881717,-0.03643022384536185,-2.1411585673830085,-0.010305766035048557,-3.0911999245813093,0.611075450802597,-0.6392160489518212,0.47242652122775636,-1.2074935913994722,-0.8774498124123146,0.4669923070622081,-0.2594710283950193,-0.2310328233872581,-0.35601071663999606,-0.466806183785054,-0.2910679710048638,1.0569454288357587,2.6394760252990856,0.9764039091838258,-9.787075750332898e-05,0.3387397173315634,0.7329253738292014,0.6753498097271137,0.0
107824,232127.0,-0.15492662612108896,-1.170598731501849,1.0,0.0,1.8051897839383917,1.3140345728814202,-0.49581512878832934,0.46662073188751957,-0.0074191932659464265,-0.007931482409607438,-0.012851127090210959,-0.004856925721072476,-0.002804125323064525,-0.029422525933471305,-0.015102339616953746,-0.02002939802482077,-0.020988691453578897,-0.01751437385974115,-0.390977830512171,-0.03643022384536185,1.20066877925601,-0.010305766035048557,1.031054919219299,0.611075450802597,2.0009213321054276,-0.6469682676949019,0.3230252365367949,2.194807218370435,0.4669923070622081,-0.2594710283950193,-0.2310328233872581,-0.35601071663999606,-0.466806183785054,-0.2910679710048638,-0.1786153786129525,-0.10149556155498689,-1.5311757007888094,-0.04239455295951911,0.2554850003180699,0.8286461595379906,0.6753498097271137,0.0
99221,221640.0,-0.05075405763969046,0.17966610364332988,1.0,0.0,-0.12303770385731884,-1.746839822072796,-1.835737847425817,-1.5703166234879962,-0.0074191932659464265,-0.007931482409607438,-0.012851127090210959,-0.004856925721072476,-0.002804125323064525,-0.029422525933471305,-0.015102339616953746,-0.02002939802482077,-0.020988691453578897,-0.01751437385974115,1.498407262973114,-0.03643022384536185,1.20066877925601,-0.010305766035048557,1.0677141563665764,0.611075450802597,-1.167243525163271,-1.0308333997024448,-1.2074935913994722,-0.8774498124123146,0.15346939296984416,1.0417152032705366,0.03559941452271563,-0.2162702987501765,2.7382243157520065,1.755483545396115,-0.09776875183648405,-0.14318206723376914,-1.6570685295681733,1.1900907222110548,0.006152719006213581,0.8863408796912333,-1.480714121181239,0.0
71531,187653.0,-0.1809697682414386,1.0876058919564207,1.0,0.0,-0.12303770385731884,-0.66392624287388,0.9275149056657556,0.10651834912936228,-0.0074191932659464265,-0.007931482409607438,-0.012851127090210959,-0.004856925721072476,-0.002804125323064525,-0.029422525933471305,-0.015102339616953746,-0.02002939802482077,-0.020988691453578897,-0.01751437385974115,1.443665811606689,-0.03643022384536185,1.20066877925601,-0.010305766035048557,1.044802133149528,0.611075450802597,2.0009213321054276,-1.0308333997024448,1.853544064473062,-0.8774498124123146,0.4669923070622081,-0.2594710283950193,-0.2310328233872581,-0.35601071663999606,-0.466806183785054,-0.2910679710048638,0.20379440543896732,0.07322442044327124,1.3104052916596893,1.1716954195965688,-0.38684339289670144,0.8443810832161477,0.6753498097271137,0.0
58504,171615.0,0.2747852188646799,0.3891949767034975,1.0,0.0,-0.12303770385731884,0.8118057120194463,0.28958776997043384,0.49432862594759924,-0.0074191932659464265,-0.007931482409607438,-0.012851127090210959,-0.004856925721072476,-0.002804125323064525,-0.029422525933471305,-0.015102339616953746,-0.02002939802482077,-0.020988691453578897,-0.01751437385974115,0.3254911653130968,-0.03643022384536185,0.9247410832871992,-0.010305766035048557,0.9416980286728106,-0.6290843091835702,1.2088801177882529,0.38260377510678595,1.853544064473062,-0.09912005362490063,-0.8262897135687933,-0.2594710283950193,-0.2310328233872581,-0.35601071663999606,-0.466806183785054,-0.2910679710048638,0.644958369351787,-0.362877290221835,0.14140045299416765,0.2884289051708435,0.609955432948968,0.749971541147205,0.6753498097271137,0.0
12352,115154.0,-0.05075405763969046,0.6824099929396226,1.0,0.0,-0.12303770385731884,-0.37786716670090315,-1.0943676039999555,1.1536282993187759,-0.0074191932659464265,-0.007931482409607438,-0.012851127090210959,-0.004856925721072476,-0.002804125323064525,-0.029422525933471305,-0.015102339616953746,-0.02002939802482077,-0.020988691453578897,-0.01751437385974115,-0.7289257905654829,-0.03643022384536185,0.6694943420051137,-0.010305766035048557,0.18010237693812495,-1.7636985576815527,0.10002241774420857,1.3537062944901064,0.0169214709495415,-0.21540104473103,0.4669923070622081,-0.2594710283950193,-0.2310328233872581,-0.35601071663999606,-0.466806183785054,-0.2910679710048638,0.02071457917842048,-0.0635301499351108,0.051477003866050614,0.6548750128086237,0.5553490919618386,0.37495586015112675,0.6753498097271137,0.0
29003,135492.0,0.06644008190188286,2.651822402751345,1.0,0.0,-0.12303770385731884,1.4573643514494965,0.63848644680085,0.7264522309084942,-0.0074191932659464265,-0.007931482409607438,-0.012851127090210959,-0.004856925721072476,-0.002804125323064525,-0.029422525933471305,-0.015102339616953746,-0.02002939802482077,-0.020988691453578897,-0.01751437385974115,-0.7302138247152811,-0.03643022384536185,-0.34571003165795433,-0.010305766035048557,-0.6030305766205863,0.611075450802597,-0.5336105537095311,-0.23768160376632969,-0.5952860602249654,-0.31276032773199,-0.5127667994764293,0.05033521877846107,0.10225747400020907,0.4186372309723213,1.4660155613024766,1.810675466449532,2.46343595353197,2.9542685047258774,-1.0725661102354125,0.48822233078929056,0.44669265209388165,1.0882724002275832,0.6753498097271137,0.0
6593,108065.0,-0.1809697682414386,-0.8136393731328998,1.0,0.0,-0.12303770385731884,0.9866424374855841,-0.035529404029711664,0.15452195471466296,-0.0074191932659464265,-0.007931482409607438,-0.012851127090210959,-0.004856925721072476,-0.002804125323064525,-0.029422525933471305,-0.015102339616953746,-0.02002939802482077,-0.020988691453578897,-0.01751437385974115,0.7150208679591097,-0.03643022384536185,0.41486963227576173,-0.010305766035048557,0.0968171725441543,-0.2069022632308324,-0.7712229180046836,-0.7041667145172179,-0.8248638844154055,1.0901467026503533,0.4669923070622081,-0.2594710283950193,-0.2310328233872581,-0.35601071663999606,-0.466806183785054,-0.2910679710048638,-0.6374081872899083,-0.5512067418833708,-1.027604385671354,-0.07042549027683138,0.06813441829171933,-0.16789900674529407,0.6753498097271137,0.0
125063,253327.0,-0.27212076566266225,-0.890674516971619,1.0,0.0,-0.12303770385731884,-0.20392033804987592,1.172468865702742,-0.6874770457026825,-0.0074191932659464265,-0.007931482409607438,-0.012851127090210959,-0.004856925721072476,-0.002804125323064525,-0.029422525933471305,-0.015102339616953746,-0.02002939802482077,-0.020988691453578897,-0.01751437385974115,-0.8611102951885266,-0.03643022384536185,-0.7616133623760828,-0.010305766035048557,-0.5565573561953399,0.611075450802597,0.15282516536535354,0.030939250199213616,-0.18714770610862758,0.8179999797696326,0.4669923070622081,-0.2594710283950193,-0.2310328233872581,-0.35601071663999606,-0.466806183785054,-0.2910679710048638,-0.9672071796960815,-0.6027431021087087,-0.7878085213297087,1.2318451392566347,-0.05336709391991797,0.7670177084652084,0.6753498097271137,0.0
13514,116576.0,-0.007782873141113577,0.7328859273037136,1.0,0.0,-0.12303770385731884,0.21998126999632303,1.0427935770324834,-0.9806873740200812,-0.0074191932659464265,-0.007931482409607438,-0.012851127090210959,-0.004856925721072476,-0.002804125323064525,-0.029422525933471305,-0.015102339616953746,-0.02002939802482077,-0.020988691453578897,-0.01751437385974115,0.7942819277500792,-0.03643022384536185,0.03164966497394748,-0.010305766035048557,0.4956773100476036,0.611075450802597,0.944866379682528,-0.1461640888506241,0.8331981791822172,0.06261913379087843,0.4669923070622081,-0.2594710283950193,-0.2310328233872581,-0.35601071663999606,-0.466806183785054,-0.2910679710048638,-0.4346367917582185,-0.2795755026951279,1.8499459864283916,0.6285960090736434,0.006152719006213581,0.35528720555343035,0.6753498097271137,0.0
90475,210986.0,0.014353797661183606,1.639840382381658,1.0,0.0,-0.12303770385731884,-1.125890837353289,-0.11927992464257525,-0.0019287898607455304,-0.0074191932659464265,-0.007931482409607438,-0.012851127090210959,-0.004856925721072476,-0.002804125323064525,-0.029422525933471305,-0.015102339616953746,-0.02002939802482077,-0.020988691453578897,-0.01751437385974115,-0.3401004815951409,-0.03643022384536185,-0.6457757806171834,-0.010305766035048557,-0.5813787146804756,-1.3467937873032243,0.25843066060764347,-0.36733141656357926,0.1699733537431682,1.1118292160592793,0.4669923070622081,-0.2594710283950193,-0.2310328233872581,-0.35601071663999606,-0.466806183785054,-0.2910679710048638,-1.0677753770829996,-0.5844473300843391,0.4111708003785188,0.583045735933011,-0.2732685214550498,0.8312686468176834,-1.480714121181239,0.0
65712,180490.0,-0.05075405763969046,0.17303749824325407,1.0,0.0,-0.12303770385731884,0.9022837303223668,0.3916437776825754,0.6454149319508199,-0.0074191932659464265,-0.007931482409607438,-0.012851127090210959,-0.004856925721072476,-0.002804125323064525,-0.029422525933471305,-0.015102339616953746,-0.02002939802482077,-0.020988691453578897,-0.01751437385974115,-1.6621065320943034,-0.03643022384536185,-0.9977728930635391,-0.010305766035048557,-0.8769438141803988,0.611075450802597,0.4168389034710783,1.1833820306192098,-0.44223417743133875,-0.3679650562370449,0.38861157853911715,32.270183470631544,8.656708440278534,-0.35601071663999606,-0.466806183785054,1.0820292233615803,-0.48798841904424606,0.026166133189022174,-0.6679105891588857,0.7208645110764629,-0.029646687226273106,1.0489350910321904,0.6753498097271137,0.0
84405,203572.0,-0.11586191294056453,-0.946659359877665,1.0,0.0,-0.12303770385731884,1.7414058397050685,0.2839575906608147,1.385167961288628,-0.0074191932659464265,-0.007931482409607438,-0.012851127090210959,-0.004856925721072476,-0.002804125323064525,-0.029422525933471305,-0.015102339616953746,-0.02002939802482077,-0.020988691453578897,-0.01751437385974115,-0.6332892549429638,-0.03643022384536185,-1.0949190345436826,-0.010305766035048557,-1.1012907081806633,0.611075450802597,-0.11118857274037143,2.9756000310517776,0.8331981791822172,-0.8774498124123146,0.4669923070622081,-0.2594710283950193,-0.2310328233872581,-0.35601071663999606,-0.466806183785054,-0.2910679710048638,-1.286237617540847,-0.8856754566336674,0.4111708003785188,0.4954490568164101,-0.6339156068301396,0.2556326889251019,0.6753498097271137,0.0
62357,176343.0,-0.3111854788431867,-0.835809370923694,1.0,0.0,-0.12303770385731884,1.538616794938219,0.8953495049961636,1.365082578700116,-0.0074191932659464265,-0.007931482409607438,-0.012851127090210959,-0.004856925721072476,-0.002804125323064525,-0.029422525933471305,-0.015102339616953746,-0.02002939802482077,-0.020988691453578897,-0.01751437385974115,0.3178434625486698,-0.03643022384536185,0.45941922913861283,-0.010305766035048557,0.28469576292395044,-0.6290843091835702,-0.37520231084609623,0.1957555154872204,0.3230252365367949,-0.8774498124123146,0.4669923070622081,-0.2594710283950193,-0.2310328233872581,-0.35601071663999606,-0.466806183785054,-0.2910679710048638,-0.6942821548042709,-0.4237116707774661,-1.3872981821838222,0.4218678463584654,-0.6339156068301396,0.20056045605155196,-1.480714121181239,0.0
104682,228304.0,-0.11586191294056453,-0.5547654595353434,1.0,0.0,-0.12303770385731884,0.20770187492874567,-0.25597951356473125,1.3950959117602615,-0.0074191932659464265,-0.007931482409607438,-0.012851127090210959,-0.004856925721072476,-0.002804125323064525,-0.029422525933471305,-0.015102339616953746,-0.02002939802482077,-0.020988691453578897,-0.01751437385974115,-1.37833650846688,-0.03643022384536185,-0.21284839698658164,-0.010305766035048557,-0.5069146392250686,0.611075450802597,-1.167243525163271,0.20465305165958064,1.0882846505049284,-0.8774498124123146,0.4669923070622081,-0.2594710283950193,-0.2310328233872581,-0.35601071663999606,-0.466806183785054,-0.2910679710048638,-0.8492887214100183,-0.6234337252880302,1.6700990881721574,-1.0103378571979584,-0.018820567712874468,0.909943265208469,0.6753498097271137,0.0
6308,107716.0,-0.28514233672283706,-0.946659359877665,1.0,0.0,-0.12303770385731884,-1.1104964000466544,-0.12930619647790775,-0.08837011329637652,-0.0074191932659464265,-0.007931482409607438,-0.012851127090210959,-0.004856925721072476,-0.002804125323064525,-0.029422525933471305,-0.015102339616953746,-0.02002939802482077,-0.020988691453578897,-0.01751437385974115,1.0958965911611658,-0.03643022384536185,1.20066877925601,-0.010305766035048557,1.0379285261844136,0.611075450802597,2.0009213321054276,-1.0308333997024448,1.853544064473062,-0.8774498124123146,0.4669923070622081,-0.2594710283950193,-0.2310328233872581,-0.35601071663999606,-0.466806183785054,-0.2910679710048638,-0.7373270940542377,-0.6161821361542024,0.4111708003785188,0.46391425233443384,0.006152719006213581,0.2320303034078662,0.6753498097271137,0.0
55032,167352.0,-0.24607762354231263,-0.8346896740655732,1.0,0.0,-0.12303770385731884,0.6050326100551409,0.5962845982935254,1.5082250483783084,-0.0074191932659464265,-0.007931482409607438,-0.012851127090210959,-0.004856925721072476,-0.002804125323064525,-0.029422525933471305,-0.015102339616953746,-0.02002939802482077,-0.020988691453578897,-0.01751437385974115,-0.282299949122945,-0.03643022384536185,-0.25472740372099595,-0.010305766035048557,-0.4634636237670235,0.611075450802597,-0.26205356594364276,0.45959470035333205,0.10437968968875663,-0.8774498124123146,0.4669923070622081,-0.2594710283950193,-0.2310328233872581,-0.35601071663999606,-0.466806183785054,-0.2910679710048638,-1.0419657257023307,-0.773160261885889,0.051477003866050614,-3.121417823908039,-0.07638552154936812,-2.7169566426067484,-1.480714121181239,0.0
187978,186868.01079825166,-0.09951409637020445,-0.7919483492532314,1.0,0.0,1.8051897839383917,-0.49331102575599506,-0.8113837333542947,-0.008676895271124085,-0.0074191932659464265,-0.007931482409607438,-0.012851127090210959,-0.004856925721072476,-0.002804125323064525,-0.029422525933471305,-0.015102339616953746,-0.02002939802482077,-0.020988691453578897,-0.01751437385974115,1.0490424739478712,-0.024781923764202584,0.8823370763587788,-0.008619139228311009,0.6187282400866387,0.1656417237426493,0.3458131064192538,-0.9012555383666293,1.4761112066205015,1.61298382332439,-2.4275536546548486,0.1291991199771994,-0.14300497434680412,3.4943748158939467,0.870512696671892,0.3918736354426152,-0.1193843717836373,-0.3304415029386887,-1.4831841607193585,0.15449689036109526,0.6885944214632992,0.704412959378545,0.28866245957583236,1.0
85748,205206.0,0.014353797661183606,0.17303749824325407,1.0,0.0,1.8051897839383917,0.23052634538425515,0.29654094033822137,-1.0054663858408557,-0.0074191932659464265,-0.007931482409607438,-0.012851127090210959,-0.004856925721072476,-0.002804125323064525,-0.029422525933471305,-0.015102339616953746,-0.02002939802482077,-0.020988691453578897,-0.01751437385974115,-0.048682755203290205,-0.03643022384536185,-0.33734240182458064,-0.010305766035048557,0.09280756848117085,0.611075450802597,1.0504718749248179,-0.16192543864166226,0.6291290021240482,0.6682279733928667,0.4669923070622081,-0.2594710283950193,-0.2310328233872581,-0.35601071663999606,-0.466806183785054,-0.2910679710048638,-0.8173057527092538,-0.5178956571371419,-0.5480126569880628,-1.399559101406055,0.0018157092226453488,-0.6517479098486257,0.6753498097271137,1.0
153645,104106.97579045613,0.5147256308391661,-0.8772591873760801,1.0,0.0,-1.957902175740754,-0.35596116910300335,0.22465769466848817,0.9916444376480715,-0.0074191932659464265,-0.007931482409607438,-0.012851127090210959,-0.004856925721072476,-0.002804125323064525,-0.029422525933471305,-0.015102339616953746,-0.02002939802482077,-0.020988691453578897,-0.01751437385974115,0.07743329177954239,-0.03643022384536185,-0.3070116051820837,-0.010305766035048557,0.014638460410797527,0.611075450802597,0.14604231340289364,-0.032636409377237,-0.5360009998921711,0.5195396650607246,0.4669923070622081,-0.2594710283950193,-0.2310328233872581,-0.35601071663999606,-0.466806183785054,-0.2910679710048638,-0.35702435178275993,0.5272050389147518,2.473545329244574,-0.03814880694631584,-0.03100609702201873,-0.14374135821381295,-1.4285167968604982,1.0
128034,132958.6966678519,-0.22632831793611424,-0.41868403975902035,1.0,0.0,0.548629347097185,0.20279761193651785,-0.20378995508748177,0.16661997764231096,-0.0074191932659464265,-0.007931482409607438,-0.012851127090210959,-0.004856925721072476,-0.002804125323064525,-0.029422525933471305,-0.015102339616953746,-0.02002939802482077,-0.020988691453578897,-0.01751437385974115,-0.41800855564727923,-0.03643022384536185,-0.42187759911652867,-0.010305766035048557,-1.0362256869616546,0.611075450802597,-0.47904834034002186,-0.4256094165708928,-0.5425687941620476,0.5787534886365108,-0.5462085004468151,-0.2594710283950193,-0.2310328233872581,-0.35601071663999606,-0.466806183785054,-0.2910679710048638,-0.4025195790008303,-0.42634101777851474,0.1767705561462031,-0.3416846352424299,0.500503426581744,0.10554193866980566,0.6753498097271137,1.0
139774,124581.12144571447,-0.14342027387333117,-0.380296410657584,1.0,0.0,-0.12303770385731884,-0.8400035741103122,-0.4350640456828301,-0.8528627423659922,-0.0074191932659464265,-0.007931482409607438,-0.012851127090210959,-0.004856925721072476,-0.002804125323064525,-0.029422525933471305,-0.015102339616953746,-0.02002939802482077,-0.020988691453578897,-0.01751437385974115,-0.2426908173077404,0.01580191555452127,-0.37117902908234474,-0.009852697829537514,-0.28079733067029866,0.611075450802597,0.11231090677109136,-0.09992858586385886,0.47014063411899654,0.0015713566994990935,0.1352282830699233,-0.2594710283950193,-0.2310328233872581,-0.35601071663999606,-0.466806183785054,-0.2910679710048638,-0.12316037575891597,-0.27769955288765025,-0.04568855702255825,0.29128760237876944,0.015469882155817571,0.4673618753538512,0.6753498097271137,1.0
179179,179897.761990619,-0.14924270017370764,-1.1566500463407365,1.0,0.0,-0.12303770385731884,-1.0750972021834684,-0.6456992100007913,0.20332286187738818,-0.0074191932659464265,-0.007931482409607438,-0.012851127090210959,-0.004856925721072476,-0.002804125323064525,-0.029422525933471305,-0.015102339616953746,-0.02002939802482077,-0.020988691453578897,-0.01751437385974115,-0.2838289617375357,-0.03643022384536185,-0.5577357477726099,-0.010305766035048557,0.2719382280182951,-1.103336024205269,0.28932044487410785,0.7425047102875392,0.19981864181411252,1.079480553013616,0.41546358127215594,-0.05579952972680302,0.10284952688492083,-0.30132765198039063,0.001548551047778457,-0.2136879833839534,-0.4601625547475365,-0.4005188792013,0.2985668152984635,-1.403333879152449,-1.0844612830188163,-1.3599969693687832,0.2703696965392557,1.0
186410,149712.8814632045,-0.08216674698401828,-0.8409303013093542,1.0,0.0,-0.12303770385731884,0.553217972859808,0.32097522046230864,-0.27177162379488085,-0.0074191932659464265,-0.007931482409607438,-0.012851127090210959,-0.004856925721072476,-0.002804125323064525,-0.029422525933471305,-0.015102339616953746,-0.02002939802482077,-0.020988691453578897,-0.01751437385974115,0.24730247571816166,-0.03643022384536185,-0.5893453344821336,-0.010305766035048557,0.26292748943350386,-0.09955105023008898,1.1996246265768478,1.4489908791562445,1.0793421211865102,1.5429714680514257,-0.24994920433474757,2.2665630536270314,0.28658882468831515,0.12489920369119631,1.9242155730526411,0.3442893722268292,0.5666077858293269,1.0760372623450036,-0.3499104560546768,0.1582385372722894,0.01744080333358136,0.27705474155146165,0.6753498097271137,1.0
136622,253761.6290810263,0.2747852188646799,-0.6250100813742381,1.0,0.0,-0.12303770385731884,0.0931003669818394,0.3497731971137721,-1.2456811600209767,-0.0074191932659464265,-0.007931482409607438,-0.012851127090210959,-0.004856925721072476,-0.002804125323064525,-0.029422525933471305,-0.015102339616953746,-0.02002939802482077,-0.020988691453578897,-0.01751437385974115,0.1851171699668104,-0.03643022384536185,0.1188984532279726,-0.010305766035048557,0.11874134659628036,-0.5194059719492952,0.013351700376175515,-0.44553605943979646,0.5733022924509171,0.005607872335466169,-2.6411679273280537,-0.2594710283950193,-0.2310328233872581,2.702685008540397,0.8131097034866863,-0.2910679710048638,1.3687998543148525,-0.03737815917059719,0.42443641306677643,0.5240629662555559,-0.26347718092797,0.756278127720816,-1.0874946686971736,1.0
139374,129176.25628295817,-0.2270651063055897,-0.05799196311692625,1.0,0.0,-0.12303770385731884,-1.6025925327381385,0.7383140266902691,-0.5989163230032873,-0.0074191932659464265,-0.007931482409607438,-0.012851127090210959,-0.004856925721072476,-0.002804125323064525,-0.029422525933471305,-0.015102339616953746,-0.02002939802482077,-0.020988691453578897,-0.01751437385974115,-0.21340428708278858,-0.03643022384536185,0.1971377507861374,-0.010305766035048557,0.5091445681248962,0.611075450802597,-0.16043443155723905,0.8676884637304303,-0.17088044617838788,-0.6796349550533243,0.4669923070622081,-0.2594710283950193,-0.2310328233872581,-0.35601071663999606,-0.466806183785054,-0.2910679710048638,1.2191125715345155,0.0645585555271092,-0.8350379402968233,0.839388462416082,-0.3832055624567848,0.6604738399876133,0.36054752926156963,1.0
221589,164821.5412782409,-0.05075405763969046,1.9279080317372839,1.0,0.0,-0.44199701731466323,0.6413657993054738,-0.03204906478009373,1.3616824181267309,-0.0074191932659464265,-0.007931482409607438,-0.012851127090210959,-0.004856925721072476,-0.002804125323064525,-0.029422525933471305,-0.015102339616953746,-0.02002939802482077,-0.020988691453578897,-0.01751437385974115,-0.7138323409691761,-0.03643022384536185,-0.011454433417796395,-0.010305766035048557,0.7825002016457443,-1.4589600045287905,0.15480662403570444,3.4117135438475605,0.06985322354461654,0.07235530132819967,-2.70565055565116,-0.08979143263013509,-0.196262971813977,1.4723313017945001,0.849842177857493,0.10204763690267116,-0.7199182441852512,-0.09663393107441953,0.229974126923303,-2.479905537204469,0.015929007818137823,-2.0034963710908533,-1.1240670577381051,1.0
169912,227209.2747125159,-0.24607762354231263,0.13701939076503078,1.0,0.0,-0.8731403699985214,0.07615718358956092,0.002169415892669724,-0.0316487782505851,-0.0074191932659464265,-0.007931482409607438,-0.012851127090210959,-0.004856925721072476,-0.002804125323064525,-0.029422525933471305,-0.015102339616953746,-0.02002939802482077,-0.020988691453578897,-0.01751437385974115,0.45205967707022315,-0.03643022384536185,0.3641099796101165,-0.010305766035048557,0.18227849983672118,-0.4959529929886948,-0.8446248091779287,-0.405918657953002,-0.8957837901072023,0.35157578883245566,0.4669923070622081,-0.2594710283950193,-0.2310328233872581,-0.35601071663999606,-0.466806183785054,-0.2910679710048638,-0.2626373367448509,0.2763785339942704,1.270256605042931,-0.22798875025481805,0.8380740382511743,-0.021310527715784663,0.6753498097271137,1.0
189215,142563.37744193274,0.37552207815029,-0.3339946166016648,1.0,0.0,-0.013907378580621979,-0.3311843060216874,-0.8988506337605648,0.6027817412858135,-0.0074191932659464265,-0.007931482409607438,-0.012851127090210959,-0.004856925721072476,-0.002804125323064525,-0.029422525933471305,-0.015102339616953746,-0.02002939802482077,-0.020988691453578897,-0.01751437385974115,-1.680331307250689,-0.03643022384536185,-0.9379322144800518,-0.010305766035048557,-1.1891870756613852,-2.786320784478527,-0.9879374714988376,-0.23049409960162415,-1.0342505289579833,-0.7255820627672038,0.43815797919043287,-0.2594710283950193,-0.2310328233872581,-0.35601071663999606,-0.466806183785054,-0.2910679710048638,1.6968978168873619,1.3250675768998452,-0.1783109591368478,-1.1466496230249308,0.3108669026956383,-1.6392812444492748,-1.3586891217521722,1.0
134825,170501.6281257298,0.1788745142126779,1.7619656136883493,1.0,0.0,-0.12303770385731884,0.5619516602811072,0.41903261508151396,-0.2583519233544258,-0.0074191932659464265,-0.007931482409607438,-0.012851127090210959,-0.004856925721072476,-0.002804125323064525,-0.029422525933471305,-0.015102339616953746,-0.02002939802482077,-0.020988691453578897,-0.01751437385974115,-0.23642507402855967,-0.03643022384536185,0.4021993659970192,-0.010305766035048557,-0.0012937207778923598,0.611075450802597,0.939925776284797,-0.5046998628379679,0.6819790028961411,-0.8774498124123146,-2.049299727460445,1.7848417459019825,0.18643243782235452,2.485423726537288,1.6135014742422051,0.5217000441462725,0.5225961977167828,0.5344608441525919,-0.44697418917325915,0.21708659311871306,0.5977976676459046,0.6039728309466018,0.6753498097271137,1.0
224102,159199.30764612788,-0.0418059412051912,0.6447393102033808,1.0,0.0,-1.448070143742218,0.5382144307660274,0.9704369050230063,-1.1676067765120224,-0.0074191932659464265,-0.007931482409607438,-0.012851127090210959,-0.004856925721072476,-0.002804125323064525,-0.029422525933471305,-0.015102339616953746,-0.02002939802482077,-0.020988691453578897,-0.01751437385974115,1.1363433112285226,-0.03643022384536185,0.9140083573660966,-0.010305766035048557,0.9470711448720965,0.23483445091495964,0.4655725860142812,-0.75438525610265,0.37011105564492297,0.8881767951240499,-0.15281946283306133,1.264689859892278,0.05042200241769704,-0.15500563149467247,0.6487464358233829,1.5768857332321946,0.160641370945368,-0.01541676812600903,0.39579557937136484,0.6110858927685907,0.49432757628323365,0.6999829232216317,0.0008821474131832652,1.0
128515,186322.6342676575,-0.10198721113489162,-0.5389846584461868,1.0,0.0,-0.12303770385731884,1.409487512883984,0.5635254595693647,1.3269458753883812,-0.0074191932659464265,-0.007931482409607438,-0.012851127090210959,-0.004856925721072476,-0.002804125323064525,-0.029422525933471305,-0.015102339616953746,-0.02002939802482077,-0.020988691453578897,-0.01751437385974115,-0.8527151282836547,-0.03643022384536185,-1.0227199530534397,-0.010305766035048557,-0.49869385175461406,0.06090130574918584,0.32708561748802684,0.4812165202113098,0.2652129697072901,-0.7891010962523616,0.4669923070622081,-0.2594710283950193,-0.2310328233872581,-0.35601071663999606,-0.466806183785054,-0.2910679710048638,-0.8400292641157076,-0.7269057825130625,0.2879351890960615,-0.17287334366779705,0.1093545326426052,-0.9061178671178578,0.6753498097271137,1.0
174634,142760.34247616082,-0.14339158094903243,-0.39510668590485704,1.0,0.0,-0.938353495454364,0.3645753788238485,0.0517795766792728,0.5636148382262983,-0.0074191932659464265,-0.007931482409607438,-0.012851127090210959,-0.004856925721072476,-0.002804125323064525,-0.029422525933471305,-0.015102339616953746,-0.02002939802482077,-0.020988691453578897,-0.01751437385974115,-0.233337998626163,-0.03643022384536185,-0.5256038429651212,-0.010305766035048557,-0.24264099280291374,0.611075450802597,-1.167243525163271,-0.5797864840839826,-1.2074935913994722,-0.8774498124123146,-0.3070798433622933,-0.18993367990012133,4.896298407978518,0.1621158363250406,0.16549106691204396,-0.08439652433544023,0.46648696915588167,0.5521007998575762,0.4433628235123782,0.5793272014792971,0.35207930073902194,0.2350471450809511,0.6753498097271137,1.0
47169,157628.0,-0.14190505506091414,-0.7227199882534812,1.0,0.0,-0.12303770385731884,-2.0510304932880805,-0.9180345005341236,-1.504679853962593,-0.0074191932659464265,-0.007931482409607438,-0.012851127090210959,-0.004856925721072476,-0.002804125323064525,-0.029422525933471305,-0.015102339616953746,-0.02002939802482077,-0.020988691453578897,-0.01751437385974115,1.006807562466788,-0.03643022384536185,0.9508644154499268,-0.010305766035048557,0.9401705604583407,0.10093881194303889,0.944866379682528,-0.041088423577036244,0.8331981791822172,1.575461454629614,-0.0032920640763378518,-0.2594710283950193,6.8791601875453745,0.1203770425948304,2.7825538828975134,-0.17467696354979811,-0.5269742685828713,-0.5682956461569132,0.35122183429310766,0.8221846699213313,0.49368480929666436,0.6437608063196444,-1.480714121181239,1.0
155555,173841.55790902305,-0.11586191294056453,1.2346771966630445,1.0,0.0,-0.12303770385731884,0.7941697553914386,-0.8648215744940326,-0.5582668373420088,-0.0074191932659464265,-0.007931482409607438,-0.012851127090210959,-0.004856925721072476,-0.002804125323064525,-0.029422525933471305,-0.015102339616953746,-0.02002939802482077,-0.020988691453578897,-0.01751437385974115,0.08497109788541055,-0.03643022384536185,0.09963612201322379,-0.010305766035048557,0.2049104688125473,-0.7076427801491882,0.03683345111849867,-0.4535539368748215,-0.04413084639852821,0.43574181406224954,-0.3011819620162082,0.7629399217651404,3.1109158077896577,0.5549056084787901,2.447094158027685,1.3571003696253496,0.07182797848991126,0.8797413219133461,-0.39683039124772107,0.9750601938082119,0.8308247914153368,0.659181175828462,0.6753498097271137,1.0
150693,118922.6469046653,-0.02682526454431916,-0.11989799584256056,1.0,0.0,1.8051897839383917,-0.3546339788093385,-0.968653261495507,0.6827768841760211,-0.0074191932659464265,-0.007931482409607438,-0.012851127090210959,-0.004856925721072476,-0.002804125323064525,-0.029422525933471305,-0.015102339616953746,-0.02002939802482077,-0.020988691453578897,-0.01751437385974115,-0.7976885147075011,-0.03643022384536185,-1.0431685182585952,-0.010305766035048557,-1.3274322394577696,-0.5546271822801049,-0.5613857729274713,-0.41549787858155124,-0.7257783778055422,-0.5627326735420823,-1.0173425721320484,-0.21536806104166903,-0.22199547473926595,-0.04777433791154789,0.11723393262047244,0.0970684676342729,0.1262604622198012,0.6137288323764304,-0.8577894469204366,0.20874816402612045,0.578270786836151,0.22490805002699416,-0.16651526433445385,1.0
220541,207042.53120991014,-0.08540850812328901,0.3382680304882971,1.0,0.0,-0.12303770385731884,-0.4815996837097042,-1.0184081069244622,-1.5703166234879962,-0.0074191932659464265,-0.007931482409607438,-0.012851127090210959,-0.004856925721072476,-0.002804125323064525,-0.029422525933471305,-0.015102339616953746,-0.02002939802482077,-0.020988691453578897,-0.01751437385974115,0.08658433599134321,-0.03643022384536185,0.7894215339706178,-0.010305766035048557,0.49647405425277297,-0.8758736721127063,-1.167243525163271,-1.0308333997024448,-1.2074935913994722,-0.8774498124123146,0.052175146133984565,-0.028013878763200304,0.2873623079086577,0.039739959914328986,0.5792196610013071,2.3431863319162605,-0.8974580233649974,-0.7409554511827773,1.519631419383554,0.6872048397585885,0.3347942753858578,0.6961380265733071,-1.1655664356770514,1.0
193366,104356.16214352616,-0.0016007214537950426,0.7065004909958055,1.0,0.0,-0.12303770385731884,1.2488836051865828,0.9856567473289775,1.720263767855936,-0.0074191932659464265,-0.007931482409607438,-0.012851127090210959,-0.004856925721072476,-0.002804125323064525,-0.029422525933471305,-0.015102339616953746,-0.02002939802482077,-0.020988691453578897,-0.01751437385974115,1.2714005461177373,-0.03643022384536185,1.025045441286428,-0.010305766035048557,0.9755129694535418,0.611075450802597,-1.0701996536113798,-0.9354054977724442,-0.9730874300451593,-0.7384533557986659,0.05623382666096788,-0.21903684144123192,-0.22274726181229423,-0.0913483796764758,-0.24511498292336298,-0.14906088896622793,3.6695948402903906,0.8953835502932861,1.9804703844674783,0.6326246676815708,0.20461790241957006,0.529468049543947,0.4111807394987206,1.0
187286,131707.86246684165,0.19106191989896576,-0.6570158720389232,1.0,0.0,1.3730556639522635,0.01687916816752022,-2.4598507663056175,-0.6767017042106062,-0.0074191932659464265,-0.007931482409607438,-0.012851127090210959,-0.004856925721072476,-0.002804125323064525,-0.029422525933471305,-0.015102339616953746,-0.02002939802482077,-0.020988691453578897,-0.01751437385974115,-0.12468998213347193,-0.03643022384536185,0.5972906917112033,-0.010305766035048557,-0.2348386100911133,0.611075450802597,1.6459133931480108,-0.49436354285015727,0.8282464109239835,-0.1702719919879231,0.0716957056378778,1.92794785030285,1.04471125040822,-0.09398783738027561,2.069141857551239,0.7014898429304279,1.7039633683609698,0.7890449529358514,-0.8044565690477299,0.6359411981912036,0.04631188986161994,0.7213447423133054,0.6753498097271137,1.0
216122,197743.0993652508,-0.24057167633678778,-0.75984280964443,1.0,0.0,1.8051897839383917,-0.4935174264829271,-0.7340829573788321,-1.5703166234879962,-0.0074191932659464265,-0.007931482409607438,-0.012851127090210959,-0.004856925721072476,-0.002804125323064525,-0.029422525933471305,-0.015102339616953746,-0.02002939802482077,-0.020988691453578897,-0.01751437385974115,1.498407262973114,-0.03643022384536185,1.20066877925601,-0.010305766035048557,1.0677141563665764,0.611075450802597,-1.167243525163271,-1.0308333997024448,-1.2074935913994722,-0.8774498124123146,-2.5107298078207307,0.034639922864176755,-0.1665390657504961,3.961392109032764,2.5037148659501978,1.5045921808750884,-0.4176687824528864,-0.41570876438268073,-0.8386863972043633,-2.0506730200018204,-0.28135537104927205,-1.9013992448980594,0.4930189047931518,1.0
134544,100290.76439607351,-0.2431688020485792,-1.1289296530602098,1.0,0.0,1.1927338191577188,-0.7689132675243373,-0.5331191331784993,-0.7784750283027313,-0.0074191932659464265,-0.007931482409607438,-0.012851127090210959,-0.004856925721072476,-0.002804125323064525,-0.029422525933471305,-0.015102339616953746,-0.02002939802482077,-0.020988691453578897,-0.01751437385974115,0.5208939505552571,-0.03643022384536185,0.550130046246259,-0.010305766035048557,0.2599482675286908,-0.42120745861338377,-0.7348691164593947,-0.577219224812234,-0.37198508341153935,0.64293422726987,0.1806907333972454,-0.2594710283950193,-0.2310328233872581,-0.35601071663999606,-0.466806183785054,-0.2910679710048638,-0.13772322535673187,-0.4875208210550076,-1.1207189381300822,0.5209659155120913,0.12910794050521385,0.5142795483244731,0.6753498097271137,1.0
202563,165005.87613884368,0.2213917553992872,0.5965488937269916,1.0,0.0,-0.12303770385731884,0.8632699288917306,0.7063408236668831,-0.9518251063684044,-0.0074191932659464265,-0.007931482409607438,-0.012851127090210959,-0.004856925721072476,-0.002804125323064525,-0.029422525933471305,-0.015102339616953746,-0.02002939802482077,-0.020988691453578897,-0.01751437385974115,0.15203829094072452,-0.03643022384536185,0.49621781651713104,-0.010305766035048557,0.2064148207332127,0.611075450802597,-0.8875433188726434,-0.09674321581263601,-1.2074935913994722,-0.8774498124123146,0.4669923070622081,-0.2594710283950193,-0.2310328233872581,-0.35601071663999606,-0.466806183785054,-0.2910679710048638,-0.4560185027334063,-0.5505127608048827,1.4609420008952831,0.4905129246243405,-0.5168131346140933,0.7251758733460756,-0.6570810686947887,1.0
146045,237372.76291999614,-0.04425081557128152,-0.44142602272200804,1.0,0.0,-0.12303770385731884,-0.07938579918325128,0.29652878950165873,-0.059359857738830624,-0.0074191932659464265,-0.007931482409607438,-0.012851127090210959,-0.004856925721072476,-0.002804125323064525,-0.029422525933471305,-0.015102339616953746,-0.02002939802482077,-0.020988691453578897,-0.01751437385974115,-0.8951832506467166,-0.03643022384536185,-0.38331597398267797,-0.010305766035048557,-0.33464200397724714,-1.9482972083664774,-0.779134153478588,1.4054289542402554,-0.2700286433569297,0.10035331949479886,0.3151353213425542,-0.2594710283950193,-0.2310328233872581,-0.35601071663999606,-0.466806183785054,-0.2910679710048638,0.5486030634309024,0.5664498357740242,1.0351316479914545,-0.4596615012440921,-0.2044320457243327,0.15802997391227883,-0.16009373803260019,1.0
218648,225053.54981904203,-0.2064267040283889,-1.0532367974702,1.0,0.0,-0.12303770385731884,0.8537866759955548,1.2346791971578894,-1.5015314599896834,-0.0074191932659464265,-0.007931482409607438,-0.012851127090210959,-0.004856925721072476,-0.002804125323064525,-0.029422525933471305,-0.015102339616953746,-0.02002939802482077,-0.020988691453578897,-0.01751437385974115,1.4292482554399857,-0.03643022384536185,1.1409764410861323,-0.010305766035048557,0.9998787560529225,0.611075450802597,-1.143472733656347,-1.0020128637441246,-1.2074935913994722,-0.8762375898906505,0.380542804004798,-0.21322608724593906,-0.2213459693712829,-0.20922428036008345,-0.39052531511107835,-0.2847234288690722,-0.2680824102564058,-0.043119951045898774,-0.2960722453049912,0.7485124960403656,0.8141600298488763,0.4813019903821691,0.6268188634353178,1.0
37267,145531.0,0.0013322266010087926,-0.5164942209247704,1.0,0.0,-0.12303770385731884,1.0694695619761518,-0.3381186231606427,1.0891135963090206,-0.0074191932659464265,-0.007931482409607438,-0.012851127090210959,-0.004856925721072476,-0.002804125323064525,-0.029422525933471305,-0.015102339616953746,-0.02002939802482077,-0.020988691453578897,-0.01751437385974115,-0.9043131072963422,-0.03643022384536185,0.14811615431524033,-0.010305766035048557,-0.3948366589883407,0.611075450802597,-1.167243525163271,0.0860192360281104,-1.2074935913994722,-0.8774498124123146,0.4669923070622081,-0.2594710283950193,-0.2310328233872581,-0.35601071663999606,-0.466806183785054,-0.2910679710048638,-0.5704896943256581,-0.42650830960642,0.6269870782859995,0.3644044248579753,-0.4893540823597058,0.46412042766068384,0.6753498097271137,1.0
86176,205753.0,0.14456950826293175,-1.2825684173139407,1.0,0.0,-0.12303770385731884,-0.3357827922600526,-0.4873618981348387,1.400031134981518,-0.0074191932659464265,-0.007931482409607438,-0.012851127090210959,-0.004856925721072476,-0.002804125323064525,-0.029422525933471305,-0.015102339616953746,-0.02002939802482077,-0.020988691453578897,-0.01751437385974115,-1.2399037997229398,-0.03643022384536185,-1.4644554038640034,-0.010305766035048557,-0.6304192566815809,-2.311723328870203,-0.19242356908059435,-0.3894285943103201,-0.7365647212652362,-0.8774498124123146,0.4669923070622081,-0.2594710283950193,-0.2310328233872581,-0.35601071663999606,-0.466806183785054,-0.2910679710048638,-0.4308413093203363,-0.31246767093760974,0.48310955968101216,0.10231516094110554,-0.14768637442241972,0.6660519481970336,-1.480714121181239,1.0
170485,128137.38085971383,-0.07447839683728885,-0.5455077118940289,1.0,0.0,-0.12303770385731884,0.011274900068374283,0.20842999786960825,0.4308995821925493,-0.0074191932659464265,-0.007931482409607438,-0.012851127090210959,-0.004856925721072476,-0.002804125323064525,-0.029422525933471305,-0.015102339616953746,-0.02002939802482077,-0.020988691453578897,-0.01751437385974115,-0.611260718855386,-0.03643022384536185,-0.8206787380097336,-0.010305766035048557,-0.9065605269177759,-0.03518912988908718,-0.08825887841137725,0.47067537949490273,-0.42602050391233176,-0.318493140363529,-0.2849262188648791,-0.2594710283950193,-0.2310328233872581,-0.35601071663999606,-0.466806183785054,-0.2910679710048638,-0.6316247689069506,-0.6521787864120567,-0.1362163509265893,0.30610661539947115,-4.234267236532065,-0.010388933989786686,0.6753498097271137,1.0
221585,179699.82378409486,0.16751558757227836,-0.6469070240250918,1.0,0.0,-0.12303770385731884,-0.9583435259380803,0.5960581501310777,-0.45862036080144075,-0.0074191932659464265,-0.007931482409607438,-0.012851127090210959,-0.004856925721072476,-0.002804125323064525,-0.029422525933471305,-0.015102339616953746,-0.02002939802482077,-0.020988691453578897,-0.01751437385974115,1.4105099462825872,-0.03643022384536185,1.20066877925601,-0.010305766035048557,1.0526178147936822,0.611075450802597,1.8148276527687133,-1.0308333997024448,1.6737428907233338,2.2022231818147486,0.4669923070622081,-0.2594710283950193,-0.2310328233872581,-0.35601071663999606,-0.466806183785054,-0.2910679710048638,2.456120759295748,1.41895828546291,-0.4774997295806857,0.6057752343254655,0.658209674256861,0.11146344724256647,-1.3540698687941273,1.0
44416,154281.0,0.014353797661183606,0.505587465105167,1.0,0.0,-0.12303770385731884,-0.8327259567082566,-0.7519447441194326,-0.22395525347243575,-0.0074191932659464265,-0.007931482409607438,-0.012851127090210959,-0.004856925721072476,-0.002804125323064525,-0.029422525933471305,-0.015102339616953746,-0.02002939802482077,-0.020988691453578897,-0.01751437385974115,0.2961078862708246,-0.03643022384536185,0.2634942379181554,-0.010305766035048557,-0.24228077106816065,0.611075450802597,-1.167243525163271,-0.6685765698277768,-1.2074935913994722,-0.8774498124123146,0.4669923070622081,-0.2594710283950193,-0.2310328233872581,-0.35601071663999606,-0.466806183785054,-0.2910679710048638,-0.9656196609936959,-0.743070500599508,-0.12836989439018348,0.887882179258782,0.006152719006213581,0.470676645859916,0.6753498097271137,1.0
150107,162618.8463876322,-0.08552807069736432,-0.8864830624908803,1.0,0.0,-0.12303770385731884,-0.4434055764091802,0.0454091487586768,-0.741104998678655,-0.0074191932659464265,-0.007931482409607438,-0.012851127090210959,-0.004856925721072476,-0.002804125323064525,-0.029422525933471305,-0.015102339616953746,-0.02002939802482077,-0.020988691453578897,-0.01751437385974115,0.9569433503720278,-0.03643022384536185,0.8056404743369658,-0.010305766035048557,0.6489952577519164,0.611075450802597,-1.0262341625622806,-0.5590116572847716,-0.935010947220197,-0.7302906933892659,-2.3192944082283815,-0.0847997202788073,-0.17438694277972283,1.555882160419817,1.051141229432441,0.9281681626827636,-0.6039750430039912,-0.7337607732509859,-0.2761981349926742,-1.0810523152555007,0.10250809923256954,-1.7119866732605924,-0.9049387793264433,1.0
198423,157623.49027120488,0.24399389958364592,-0.3699021720311617,1.0,0.0,-0.12303770385731884,-1.283720984913555,-0.5427780710149197,-1.0097619444209782,-0.0074191932659464265,-0.007931482409607438,-0.012851127090210959,-0.004856925721072476,-0.002804125323064525,-0.029422525933471305,-0.015102339616953746,-0.02002939802482077,-0.020988691453578897,-0.01751437385974115,0.5953343664892572,-0.03643022384536185,0.29257078653661295,-0.010305766035048557,0.5256675788128851,0.26526580406489136,0.8476720648221033,0.2582343623604548,0.8801520895890421,1.0348050402587985,0.14819757666752115,-0.2594710283950193,4.588800033245539,-0.033078642795138,1.7358586930117146,-0.21216924053637337,-0.3451368953025116,-0.39543386265481584,0.37053280419257145,-0.5093730865413586,0.13045823315481786,-0.3991012687412354,-0.7861952930871708,1.0
146103,115974.23654006833,0.17448578885240612,0.5872338917124144,1.0,0.0,-0.12303770385731884,0.6506844371428959,0.7450826290408853,-0.32252773092134257,-0.0074191932659464265,-0.007931482409607438,-0.012851127090210959,-0.004856925721072476,-0.002804125323064525,-0.029422525933471305,-0.015102339616953746,-0.02002939802482077,-0.020988691453578897,-0.01751437385974115,-0.040998826971894275,-0.03643022384536185,-0.09157027727345679,-0.010305766035048557,0.11490359596825428,-0.38497472671766153,0.12617503358863932,0.14312214990797384,0.22998556761985356,0.04441392302623007,0.0002879823944454962,-0.2594710283950193,-0.2310328233872581,-0.35601071663999606,-0.466806183785054,-0.2910679710048638,-0.07944552552645545,-0.04328874402565419,-0.2879689284470742,0.4176229008646538,-0.3221722143516196,0.39646986482613905,-0.9101405575710549,1.0
162957,156839.9883751414,-0.06040670549308716,-0.7660515872694913,1.0,0.0,-0.12303770385731884,-1.4170091768470852,-0.2621068412697112,-0.5719895989595485,-0.0074191932659464265,-0.007931482409607438,-0.012851127090210959,-0.004856925721072476,-0.002804125323064525,-0.029422525933471305,-0.015102339616953746,-0.02002939802482077,-0.020988691453578897,-0.01751437385974115,0.9604598516420109,-0.03643022384536185,0.9236350486992106,-0.010305766035048557,0.8087363508856882,0.14287072782072158,-0.09379226502490287,-0.14746465097286132,0.7995820288938114,1.6007847890118705,-0.1324835914065418,-0.2594710283950193,-0.2310328233872581,-0.35601071663999606,-0.466806183785054,-0.2910679710048638,-0.9800002102985437,-0.6432082657855231,1.045489353159649,0.8428879717527366,0.011151274277742651,0.5700377171288147,-1.3741641215521918,1.0
223747,196537.6678596132,-0.1809697682414386,-0.6056942051237729,1.0,0.0,0.8802115514434092,-0.8519840852067526,-0.07010819468336912,0.25197778403624893,-0.0074191932659464265,-0.007931482409607438,-0.012851127090210959,-0.004856925721072476,-0.002804125323064525,-0.029422525933471305,-0.015102339616953746,-0.02002939802482077,-0.020988691453578897,-0.01751437385974115,-0.20639617605382388,-0.03643022384536185,-0.3978216860502052,-0.010305766035048557,-0.39610671883461984,0.611075450802597,-0.18355909729816366,0.6539226135477162,0.05758424058423228,0.3355259270421258,0.28347696144924883,-0.11842892341390486,1.6186700483981573,-0.19696548298318972,0.5563763715908239,-0.22464328741316586,-0.8391935407859421,-0.39779001720430784,-0.5508899009527959,-0.6450446336840909,-0.5929221440096598,-0.5003283265755653,-0.35892245149743063,1.0
208891,226330.57485717448,0.06698574705027385,-0.5301077039266943,1.0,0.0,-0.12303770385731884,-1.7906606091125699,0.3059753475683868,-0.39852136255294535,-0.0074191932659464265,-0.007931482409607438,-0.012851127090210959,-0.004856925721072476,-0.002804125323064525,-0.029422525933471305,-0.015102339616953746,-0.02002939802482077,-0.020988691453578897,-0.01751437385974115,0.7329426740417392,-0.03643022384536185,1.20066877925601,-0.010305766035048557,0.9972356819324097,0.611075450802597,2.0009213321054276,0.12798315527948062,1.853544064473062,1.6060428410107022,0.24921330708489878,-0.2594710283950193,0.11262047830220057,-0.054770296897092285,0.14380553642084648,-0.28243220970003186,-0.31622992920106424,-0.09271969779752734,-0.30821679264641755,-0.29226991339376834,0.12514313859174828,-1.1893882686626929,-1.480714121181239,1.0
134004,177446.0261300335,0.17569039126133007,0.5178497996958716,1.0,0.0,-0.12303770385731884,0.761007274074628,0.7527478303252856,0.28238433691710396,-0.0074191932659464265,-0.007931482409607438,-0.012851127090210959,-0.004856925721072476,-0.002804125323064525,-0.029422525933471305,-0.015102339616953746,-0.02002939802482077,-0.020988691453578897,-0.01751437385974115,-0.3168536634952657,-0.03643022384536185,-0.08013718046068918,-0.010305766035048557,0.2761419908980033,-0.06743895563347735,1.1951708389805469,0.4871068321912693,0.9193379059642062,1.0035987926505001,0.4669923070622081,-0.2594710283950193,-0.2310328233872581,-0.35601071663999606,-0.466806183785054,-0.2910679710048638,-0.5004220825112318,-0.5112731352840537,-0.21478879334762402,0.7368062267896065,0.09184398483976353,0.5113770304950128,-0.16468444181471387,1.0
148066,146032.3056890821,0.09171864741513501,0.43099207206926293,1.0,0.0,-0.12303770385731884,-0.8348293190306828,1.0193655316261845,-0.576830717947083,-0.0074191932659464265,-0.007931482409607438,-0.012851127090210959,-0.004856925721072476,-0.002804125323064525,-0.029422525933471305,-0.015102339616953746,-0.02002939802482077,-0.020988691453578897,-0.01751437385974115,0.7728252916460159,-0.03643022384536185,0.5917272234402127,-0.010305766035048557,0.5434102286761731,0.4812399418851369,1.2950600816301396,-0.5831726163739928,1.285216140457122,1.1357780801621482,-0.9928666455738534,0.3502958863951534,-0.03224836386415402,-0.065790034907722,0.17878234096391477,0.7255978242742862,-0.2335002642393214,-0.3969723923842613,0.44276535658348,0.8544268607023907,-0.26818498669630125,0.6014726005696153,0.03486041983778332,1.0
184513,112138.32948291465,0.004928776277119223,-0.08426410606361122,1.0,0.0,-0.12303770385731884,-0.3645108301323625,-1.979461845767843,-1.092337221750993,-0.0074191932659464265,-0.007931482409607438,-0.012851127090210959,-0.004856925721072476,-0.002804125323064525,-0.029422525933471305,-0.015102339616953746,-0.02002939802482077,-0.020988691453578897,-0.01751437385974115,-0.7708725860414112,-0.03643022384536185,-1.06673599694389,-0.010305766035048557,-1.088046895801225,0.611075450802597,0.06436597985892648,0.05979968849537354,-0.017529292807501096,-0.36569843767743593,0.4669923070622081,-0.2594710283950193,-0.2310328233872581,-0.35601071663999606,-0.466806183785054,-0.2910679710048638,-0.9057680424604431,-0.7307048191202746,-1.001569725888913,0.058574439148373625,0.6124477890006687,-0.1836243935620173,0.3632377218643711,1.0
207573,194631.49435154488,0.10072955919161611,1.5970808919081627,1.0,0.0,0.9508819542656878,0.5302614549441486,0.2671259967855404,-0.37504613968877737,-0.0074191932659464265,-0.007931482409607438,-0.012851127090210959,-0.004856925721072476,-0.002804125323064525,-0.029422525933471305,-0.015102339616953746,-0.02002939802482077,-0.020988691453578897,-0.01751437385974115,-0.0629211859926859,-0.03643022384536185,-0.11199836092388481,-0.010305766035048557,-0.054139657754766424,-0.30385675540185275,-0.39024505014120525,0.1791141698941856,0.022716402382368495,-0.26004663687356544,-1.5267142392618,0.05022606665480395,0.24261038119248118,0.9580809317291907,1.814980907612095,0.4634648107777407,-0.01136561739612485,-0.5801871599419048,-1.0973831309903073,-0.8844180248404059,-1.1210161095235445,-1.0747342604694787,-0.2799017407813611,1.0
147938,111109.22888302176,-0.016113334445718427,-0.4857005608093916,1.0,0.0,-0.12303770385731884,-0.5202117948726037,-0.11684514602650053,1.1766333014219554,-0.0074191932659464265,-0.007931482409607438,-0.012851127090210959,-0.004856925721072476,-0.002804125323064525,-0.029422525933471305,-0.015102339616953746,-0.02002939802482077,-0.020988691453578897,-0.01751437385974115,-0.7357909597389268,-0.03643022384536185,-0.31970259478442,-0.010305766035048557,-1.0571321957908588,-0.5184546047678029,-1.167243525163271,2.6227440167182343,-1.2074935913994722,-0.8774498124123146,0.4669923070622081,-0.2594710283950193,-0.2310328233872581,-0.35601071663999606,-0.466806183785054,-0.2910679710048638,0.2024171746048457,0.22068320602502606,1.2571022775607905,-0.3017038975960329,-0.47072639093358604,0.1954919838312446,-1.480714121181239,1.0
224059,200744.55993477273,-0.15073763110288316,0.8218466279961523,1.0,0.0,-0.12303770385731884,-0.3590459141496499,0.0851756817449817,-0.2967591429795574,-0.0074191932659464265,-0.007931482409607438,-0.012851127090210959,-0.004856925721072476,-0.002804125323064525,-0.029422525933471305,-0.015102339616953746,-0.02002939802482077,-0.020988691453578897,-0.01751437385974115,1.223794862463428,-0.03643022384536185,1.20066877925601,-0.010305766035048557,1.008852159551499,0.611075450802597,2.0009213321054276,-0.9419738238127496,1.853544064473062,2.0795442741297148,0.4669923070622081,-0.2594710283950193,-0.2310328233872581,-0.35601071663999606,-0.466806183785054,-0.2910679710048638,0.7253501548053788,0.6398497074116619,0.5633549344282631,0.5220692088222031,0.5196558999550752,0.0550242203731455,0.3416347245171157,1.0
143751,139537.48004359714,0.33136908987617864,-1.0395682011276128,1.0,0.0,-0.038889225734067404,-1.0626495052456544,0.8921617173527991,1.5182504502328023,-0.0074191932659464265,-0.007931482409607438,-0.012851127090210959,-0.004856925721072476,-0.002804125323064525,-0.029422525933471305,-0.015102339616953746,-0.02002939802482077,-0.020988691453578897,-0.01751437385974115,-0.5906808278403197,-0.03643022384536185,-1.503742420655552,-0.010305766035048557,-0.3404076057630829,0.611075450802597,-0.053580343405811776,1.2399221220432008,-0.13148742098279204,-0.7690056450384449,0.4669923070622081,-0.2594710283950193,-0.2310328233872581,-0.35601071663999606,-0.466806183785054,-0.2910679710048638,-0.7871176345837467,-0.560121189245341,-2.446758128090696,0.4154482175193644,0.03819775885445485,0.8683742550648379,0.5812584747209015,1.0
149713,208669.46972643008,-0.11586191294056453,-0.9112440626562588,1.0,0.0,-0.12303770385731884,-0.6098216196964623,-2.4963531717653487,0.2270173493614076,-0.0074191932659464265,-0.007931482409607438,-0.012851127090210959,-0.004856925721072476,-0.002804125323064525,-0.029422525933471305,-0.015102339616953746,-0.02002939802482077,-0.020988691453578897,-0.01751437385974115,-0.28923978277465756,-0.03643022384536185,-0.668056212248241,-0.010305766035048557,-0.28741761221593753,0.611075450802597,-0.4032022123292879,0.20818313283105683,-0.8383904457943264,-0.5411267624785255,0.4669923070622081,-0.2594710283950193,-0.2310328233872581,-0.35601071663999606,-0.466806183785054,-0.2910679710048638,0.3817078479678933,0.754077593079354,0.5424204074442975,0.570027498921073,0.22141253244464246,0.12671900522864754,0.6753498097271137,1.0
123269,251136.0,-0.1809697682414386,-0.835809370923694,1.0,0.0,-0.12303770385731884,-1.2099728964063055,-1.5962270971978196,-0.16652221397978184,-0.0074191932659464265,-0.007931482409607438,-0.012851127090210959,-0.004856925721072476,-0.002804125323064525,-0.029422525933471305,-0.015102339616953746,-0.02002939802482077,-0.020988691453578897,-0.01751437385974115,0.3194535052359176,-0.03643022384536185,0.25315378548794365,-0.010305766035048557,0.17700925380382337,-0.6422774981195932,-0.37520231084609623,-0.5249449144739611,1.0882846505049284,0.24735871119903116,0.4669923070622081,-0.2594710283950193,-0.2310328233872581,-0.35601071663999606,-0.466806183785054,-0.2910679710048638,0.009441876910428061,-0.0401863888987249,0.5010942495066358,0.6531230792262916,0.006152719006213581,0.5755761370476301,-1.480714121181239,1.0
230321,178948.24874583483,-0.05525551745417702,-0.04759599624466854,1.0,0.0,-1.5358796279917506,-1.1867374131807562,-0.974124780412851,-0.7597078834585748,-0.0074191932659464265,-0.007931482409607438,-0.012851127090210959,-0.004856925721072476,-0.002804125323064525,-0.029422525933471305,-0.015102339616953746,-0.02002939802482077,-0.020988691453578897,-0.01751437385974115,0.7468907733335307,-0.03643022384536185,0.6426614546052721,-0.010305766035048557,0.7257890606373641,0.611075450802597,-1.167243525163271,-0.4777379282438525,-1.2074935913994722,-0.8774498124123146,0.4669923070622081,-0.2594710283950193,-0.2310328233872581,-0.35601071663999606,-0.466806183785054,-0.2910679710048638,1.2020755385021533,0.7078058666427723,-0.23694486217574953,0.9838925808976223,0.7826834359753413,0.59935325935176,-0.9044313789456494,1.0
226276,217332.48313988146,-0.11249674755965502,0.07716735576917114,1.0,0.0,-0.12303770385731884,-0.7625074870298949,-0.6168049744823774,0.7298468981930701,-0.0074191932659464265,-0.007931482409607438,-0.012851127090210959,-0.004856925721072476,-0.002804125323064525,-0.029422525933471305,-0.015102339616953746,-0.02002939802482077,-0.020988691453578897,-0.01751437385974115,-0.684003335315909,-0.03643022384536185,-0.7803369620555862,-0.010305766035048557,-0.8834872553969522,0.611075450802597,0.41820853513947,-0.09993982187530703,0.06948263788188491,0.1295072813698983,0.36876226018245356,0.6238256719166113,0.004113152065235437,-0.2684464166295717,0.36656385869541896,-0.1487630381741868,-0.8197037908289647,-0.7419804699900927,-1.71693974590936,0.017737729975884298,0.4428532664943645,-0.9895348285598881,0.1349356926358649,1.0
216969,128332.02890247367,-0.07778456018403332,-0.34942906684390973,1.0,0.0,-0.12303770385731884,-1.1362185024215652,0.4507458700477314,-0.4088364493927809,-0.0074191932659464265,-0.007931482409607438,-0.012851127090210959,-0.004856925721072476,-0.002804125323064525,-0.029422525933471305,-0.015102339616953746,-0.02002939802482077,-0.020988691453578897,-0.01751437385974115,-0.24295241361448797,-0.03643022384536185,-1.018057136217665,-0.010305766035048557,-0.19520688160573893,-0.08643636697765844,0.13891084785415636,0.9952972591665985,0.23351513818916964,0.8342928940027907,-0.04870537103402045,-0.2594710283950193,-0.1955928539136531,0.3099853781716504,-0.0733844529427723,-0.12145498747655933,-0.04527856530944835,-0.5181320648007498,0.3466762048680163,0.3266781279160703,0.0794120763013913,0.4660001440722586,-0.8502432933260897,1.0
