,SK_ID_CURR,TARGET,NAME_CONTRACT_TYPE,CODE_GENDER,FLAG_OWN_CAR,FLAG_OWN_REALTY,CNT_CHILDREN,AMT_INCOME_TOTAL,AMT_CREDIT_x,AMT_ANNUITY_x,AMT_GOODS_PRICE_x,NAME_TYPE_SUITE,NAME_INCOME_TYPE,NAME_EDUCATION_TYPE,NAME_FAMILY_STATUS,NAME_HOUSING_TYPE,REGION_POPULATION_RELATIVE,DAYS_BIRTH,DAYS_EMPLOYED,DAYS_REGISTRATION,DAYS_ID_PUBLISH,OWN_CAR_AGE,FLAG_MOBIL,FLAG_EMP_PHONE,FLAG_WORK_PHONE,FLAG_CONT_MOBILE,FLAG_PHONE,FLAG_EMAIL,OCCUPATION_TYPE,CNT_FAM_MEMBERS,REGION_RATING_CLIENT,REGION_RATING_CLIENT_W_CITY,WEEKDAY_APPR_PROCESS_START_x,HOUR_APPR_PROCESS_START_x,REG_REGION_NOT_LIVE_REGION,REG_REGION_NOT_WORK_REGION,LIVE_REGION_NOT_WORK_REGION,REG_CITY_NOT_LIVE_CITY,REG_CITY_NOT_WORK_CITY,LIVE_CITY_NOT_WORK_CITY,ORGANIZATION_TYPE,EXT_SOURCE_1,EXT_SOURCE_2,EXT_SOURCE_3,OBS_30_CNT_SOCIAL_CIRCLE,DEF_30_CNT_SOCIAL_CIRCLE,OBS_60_CNT_SOCIAL_CIRCLE,DEF_60_CNT_SOCIAL_CIRCLE,DAYS_LAST_PHONE_CHANGE,FLAG_DOCUMENT_2,FLAG_DOCUMENT_3,FLAG_DOCUMENT_4,FLAG_DOCUMENT_5,FLAG_DOCUMENT_6,FLAG_DOCUMENT_7,FLAG_DOCUMENT_8,FLAG_DOCUMENT_9,FLAG_DOCUMENT_10,FLAG_DOCUMENT_11,FLAG_DOCUMENT_12,FLAG_DOCUMENT_13,FLAG_DOCUMENT_14,FLAG_DOCUMENT_15,FLAG_DOCUMENT_16,FLAG_DOCUMENT_17,FLAG_DOCUMENT_18,FLAG_DOCUMENT_19,FLAG_DOCUMENT_20,FLAG_DOCUMENT_21,AMT_REQ_CREDIT_BUREAU_HOUR,AMT_REQ_CREDIT_BUREAU_DAY,AMT_REQ_CREDIT_BUREAU_WEEK,AMT_REQ_CREDIT_BUREAU_MON,AMT_REQ_CREDIT_BUREAU_QRT,AMT_REQ_CREDIT_BUREAU_YEAR,SK_ID_BUREAU,DAYS_CREDIT,CREDIT_DAY_OVERDUE,DAYS_CREDIT_ENDDATE,DAYS_ENDDATE_FACT,AMT_CREDIT_MAX_OVERDUE,CNT_CREDIT_PROLONG,AMT_CREDIT_SUM,AMT_CREDIT_SUM_DEBT,AMT_CREDIT_SUM_LIMIT,AMT_CREDIT_SUM_OVERDUE,DAYS_CREDIT_UPDATE,AMT_ANNUITY_y,MIN_MONTH,AVERAGE_LOAN_TYPE,ACTIVE_LOANS_PERCENTAGE,DAYS_DIFF,CREDIT_ENDDATE_PERCENTAGE,DEBT_CREDIT_RATIO,OVERDUE_DEBT_RATIO,AVG_CREDITDAYS_PROLONGED,SK_ID_PREV,MONTHS_BALANCE,AMT_BALANCE,AMT_CREDIT_LIMIT_ACTUAL,AMT_DRAWINGS_ATM_CURRENT,AMT_DRAWINGS_CURRENT,AMT_DRAWINGS_OTHER_CURRENT,AMT_DRAWINGS_POS_CURRENT,AMT_INST_MIN_REGULARITY,AMT_PAYMENT_CURRENT,AMT_PAYMENT_TOTAL_CURRENT,AMT_RECEIVABLE_PRINCIPAL,AMT_RECIVABLE,AMT_TOTAL_RECEIVABLE,CNT_DRAWINGS_ATM_CURRENT,CNT_DRAWINGS_CURRENT,CNT_DRAWINGS_OTHER_CURRENT,CNT_DRAWINGS_POS_CURRENT,CNT_INSTALMENT_MATURE_CUM,SK_DPD,SK_DPD_DEF,INSTALLMENTS_PER_LOAN,CREDIT_LOAD,DPD_COUNT,AVG_DPD,PERCENTAGE_MISSED_PAYMENTS,CASH_CARD_RATIO,DRAWINGS_RATIO,AMT_ANNUITY,AMT_APPLICATION,AMT_CREDIT_y,AMT_DOWN_PAYMENT,AMT_GOODS_PRICE_y,WEEKDAY_APPR_PROCESS_START_y,HOUR_APPR_PROCESS_START_y,FLAG_LAST_APPL_PER_CONTRACT,NFLAG_LAST_APPL_IN_DAY,RATE_DOWN_PAYMENT_x,DAYS_DECISION_x,SELLERPLACE_AREA,CNT_PAYMENT_x,DAYS_FIRST_DRAWING_x,DAYS_FIRST_DUE_x,DAYS_LAST_DUE_1ST_VERSION_x,DAYS_LAST_DUE_x,DAYS_TERMINATION,NFLAG_INSURED_ON_APPROVAL,DIFF_APP_CRE_x,DOWN_PERCENTAGE_x,DIFF_APP_GOODS_x,DIFF_CRE_GOODS_x,FLAG_DOWN_x,TOT_CNT_PAYMENT,CNT_PAYMENT_y,TOT_RATE_DOWN_PAYMENT,RATE_DOWN_PAYMENT_y,TOT_DIFF_APP_CRE,DIFF_APP_CRE_y,TOT_DOWN_PERCENTAGE,DOWN_PERCENTAGE_y,TOT_DIFF_APP_GOODS,DIFF_APP_GOODS_y,TOT_DIFF_CRE_GOODS,DIFF_CRE_GOODS_y,TOT_FLAG_DOWN,FLAG_DOWN_y,TOT_DAYS_LAST_DUE,DAYS_LAST_DUE_y,TOT_DAYS_LAST_DUE_1ST_VERSION,DAYS_LAST_DUE_1ST_VERSION_y,TOT_DAYS_FIRST_DUE,DAYS_FIRST_DUE_y,TOT_DAYS_FIRST_DRAWING,DAYS_FIRST_DRAWING_y,TOT_DAYS_DECISION,DAYS_DECISION_y
1103,101357,0.0,Cash loans,F,0.0,1.0,0,76500.0,254700.0,24939.0,225000.0,ALONE,Pensioner,Secondary / secondary special,Married,House / apartment,0.028663,43.0,365243,-6646.0,-4148,-1.0,1,0,0,1,1,1,,2.0,2,2,WEED,8,0,0,0,0,0,0,XNA,0.8703792437914173,0.6651237981361401,,0.0,0.0,0.0,0.0,0.0,0,1,0,0,0,0,0,0,0,0,0,0,0,0,0,0,0,0,0,0,,,,,,,,,,,,,,,,,,,,,,,,,,,,,,,,,,,,,,,,,,,,,,,,,,,,,,,,5638.6123,53325.0,51727.5,3082.5,53325.0,0.0,10.5,1.0,1.0,0.054454546,-2421.0,58.0,12.0,365243.0,-2380.0,-2050.0,-2125.0,-2112.0,0.5,1.0245987,0.055555556,1.0245987,0.983,1.0,12.0,24.0,0.054454546,0.054454546,1.0245987,1.0245987,0.055555556,0.055555556,1.0245987,1.0245987,0.983,0.983,1.0,1.0,-2125.0,-2306.0,-2050.0,-2156.0,-2380.0,-2486.0,365243.0,365243.0,-2421.0,-2326.0
2121,102598,0.0,Cash loans,M,1.0,1.0,0,157500.0,404325.0,22063.5,337500.0,ALONE,Working,Secondary / secondary special,Married,House / apartment,0.016612,43.0,-3938,-7980.0,-2340,18.0,1,1,1,1,1,0,2,2.0,2,2,WEED,10,0,0,0,0,0,0,Housing,,0.5038286356182814,0.2678689358444539,1.0,0.0,1.0,0.0,-1914.0,0,1,0,0,0,0,0,0,0,0,0,0,0,0,0,0,0,0,0,0,0.0,0.0,0.0,0.0,1.0,3.0,6509218.333333333,-1116.9333333333334,0.0,-350.0,-667.6667,0.0,0.0,269056.38,102506.4,0.0,0.0,-504.6666666666667,14645.944,-36.266666666666666,7.5,0.2,151.6,0.2,0.38098484,0.0,0.0,,,,,,,,,,,,,,,,,,,,,,,,,,,,,16685.51,325532.1,371087.1,485.1,406915.12,0.2,11.466666666666667,1.0,1.0,0.021781819,-533.7333333333333,280.93333333333334,35.81818,365243.0,-1083.3334,-533.3333,-663.3333,-656.6667,-0.73333335,0.9415918,0.022222223,0.9415918,1.070338,1.0,35.81818,394.0,0.021781819,0.021781819,0.9415918,0.9415918,0.022222223,0.022222223,0.9415918,0.9415918,1.070338,1.070338,1.0,1.0,-663.3333,-1606.0,-533.3333,-1606.0,-1083.3334,-1876.0,365243.0,365243.0,-533.7333333333333,-143.0
2532,103089,0.0,Cash loans,M,1.0,1.0,2,77625.0,312768.0,17095.5,270000.0,ALONE,Commercial associate,Secondary / secondary special,Married,House / apartment,0.0038179999999999,43.0,-164,-5117.0,-4244,17.0,1,1,1,1,1,1,5,4.0,2,2,WEED,5,0,0,0,0,0,0,Other,,0.6891717367557492,,2.0,0.0,2.0,0.0,-732.0,0,1,0,0,0,0,0,0,0,0,0,0,0,0,0,0,0,0,0,0,,,,,,,,,,,,,,,,,,,,,,,,,,,,,,,,,,,,,,,,,,,,,,,,,,,,,,,,6689.295,66375.0,66375.0,0.0,66375.0,0.0,4.0,1.0,1.0,0.0,-272.0,124.0,12.0,365243.0,-241.0,89.0,365243.0,365243.0,0.0,1.0,0.0,1.0,1.0,0.0,12.0,12.0,0.0,0.0,1.0,1.0,0.0,0.0,1.0,1.0,1.0,1.0,0.0,0.0,365243.0,365243.0,89.0,89.0,-241.0,-241.0,365243.0,365243.0,-272.0,-272.0
5442,106655,0.0,Cash loans,F,1.0,1.0,1,180000.0,983299.5,41791.5,904500.0,ALONE,Commercial associate,Higher education,Married,House / apartment,0.025164,43.0,-1873,-2162.0,-3550,7.0,1,1,0,1,0,0,4,3.0,2,2,WEED,11,0,0,0,0,0,0,Business Entity Type 3,0.5958382894783096,0.4611288483125929,0.4489622731076524,0.0,0.0,0.0,0.0,-1039.0,0,0,0,0,0,0,1,0,0,0,0,0,0,0,0,0,0,0,0,0,0.0,0.0,0.0,2.0,0.0,2.0,5446974.833333333,-1337.75,0.0,3282.818,-1245.75,0.0,0.08333333333333333,404632.8,70742.74,0.0,0.0,-636.75,0.0,-43.416666666666664,4.0,0.3333333333333333,220.41666666666666,0.5833333333333334,0.17483196,0.0,0.08333333333333333,2583931.0,-23.5,0.0,285000.0,,0.0,,,0.0,,0.0,0.0,0.0,0.0,,0.0,,,0.0,0.0,0.0,0.0,0.0,0.0,0.0,0.0,,,18265.607,369498.94,435004.88,14067.0,422284.5,0.125,10.375,1.0,1.0,0.25379968,-1300.25,253.125,24.5,365243.0,59655.332,60040.332,59840.332,-1058.5,0.125,0.9535917,0.33050302,0.9535917,0.94548887,1.0,24.5,196.0,0.25379968,0.25379968,0.9535917,0.9535917,0.33050302,0.33050302,0.9535917,0.9535917,0.94548887,0.94548887,1.0,1.0,59840.332,-2655.0,60040.332,-2625.0,59655.332,-2715.0,365243.0,365243.0,-1300.25,-1330.0
6308,107716,0.0,Cash loans,F,0.0,0.0,0,157500.0,170640.0,9922.5,135000.0,ALONE,Working,Higher education,Married,House / apartment,0.035792,43.0,-1089,-9369.0,-2728,-1.0,1,1,0,1,0,0,,2.0,2,2,WEED,11,0,0,0,0,0,0,Other,0.7886838369173009,0.5904140373225129,0.4507472818545589,3.0,0.0,3.0,0.0,-338.0,0,1,0,0,0,0,0,0,0,0,0,0,0,0,0,0,0,0,0,0,0.0,0.0,0.0,0.0,0.0,3.0,5435404.0,-1312.0,0.0,-107.833336,-870.75,1440.0,0.0,151569.64,8633.571,0.0,0.0,-160.14285714285714,,,3.5,0.42857142857142855,356.85714285714283,0.5714285714285714,0.056961086,0.0,0.0,,,,,,,,,,,,,,,,,,,,,,,,,,,,,6629.535,42271.07,42066.645,4026.75,49316.25,0.42857142857142855,14.142857142857142,1.0,1.0,0.068675466,-1622.142857142857,404.7142857142857,9.666667,365243.0,-1805.0,-1545.0,-1630.0,-1626.1666,0.2857143,0.9991685,0.08362476,0.9991685,1.0201164,1.0,9.666667,58.0,0.068675466,0.068675466,0.9991685,0.9991685,0.08362476,0.08362476,0.9991685,0.9991685,1.0201164,1.0201164,1.0,1.0,-1630.0,-2069.0,-1545.0,-2001.0,-1805.0,-2331.0,365243.0,365243.0,-1622.142857142857,-2193.0
6593,108065,0.0,Cash loans,M,1.0,0.0,0,157500.0,254700.0,28867.5,225000.0,ALONE,Pensioner,Secondary / secondary special,Married,House / apartment,0.016612,43.0,365243,-693.0,-3660,7.0,1,0,0,1,0,0,,2.0,2,2,WEED,17,0,0,0,0,0,0,XNA,0.2522751002096401,0.3594894138812213,0.2445163919946749,2.0,1.0,2.0,1.0,-1465.0,0,0,0,0,0,0,1,0,0,0,0,0,0,0,0,0,0,0,0,0,0.0,0.0,0.0,0.0,0.0,0.0,5863673.0,-936.4444444444445,3.2222222222222223,914.1111,-1065.25,0.0,0.0,897396.0,557454.0,0.0,1.5,-318.22222222222223,867.2143,-30.333333333333332,3.0,0.5555555555555556,194.88888888888889,0.7777777777777778,0.62119067,2.6908049e-06,0.0,,,,,,,,,,,,,,,,,,,,,,,,,,,,,7889.73,55482.75,62480.25,3102.75,55482.75,0.0,16.75,1.0,1.0,0.060127165,-1729.75,637.5,12.0,365243.0,-1767.3334,-1437.3334,-1547.3334,-1543.3334,0.0,0.9207634,0.062061206,0.9207634,1.098191,1.0,12.0,36.0,0.060127165,0.060127165,0.9207634,0.9207634,0.062061206,0.062061206,0.9207634,0.9207634,1.098191,1.098191,1.0,1.0,-1547.3334,-1876.0,-1437.3334,-1846.0,-1767.3334,-2176.0,365243.0,365243.0,-1729.75,-1594.0
8132,109935,0.0,Cash loans,M,1.0,1.0,2,112500.0,545040.0,25407.0,450000.0,ALONE,Working,Secondary / secondary special,Married,House / apartment,0.016612,43.0,-349,-1948.0,-2230,14.0,1,1,1,1,1,0,2,4.0,2,2,WEEKEND,13,0,0,0,0,1,1,Self-employed,,0.3289637380178166,0.6577838002083306,4.0,0.0,4.0,0.0,0.0,0,0,0,0,0,0,1,0,0,0,0,0,0,0,0,0,0,0,0,0,0.0,0.0,0.0,0.0,0.0,1.0,5749462.0,-1061.111111111111,0.0,-537.7778,-1071.1666,0.0,0.0,145169.45,51800.44,0.0,0.0,-642.8888888888889,,,4.5,0.3333333333333333,194.55555555555554,0.3333333333333333,0.35682744,0.0,0.0,,,,,,,,,,,,,,,,,,,,,,,,,,,,,7236.27,81664.5,86458.5,4794.75,81664.5,0.3333333333333333,11.0,1.0,1.0,0.11604184,-1355.0,23.333333333333332,16.0,365243.0,-1318.3334,-868.3333,-878.3333,-873.6667,0.33333334,1.0106375,0.11931506,1.0106375,0.9986491,1.0,16.0,48.0,0.11604184,0.11604184,1.0106375,1.0106375,0.11931506,0.11931506,1.0106375,1.0106375,0.9986491,0.9986491,1.0,1.0,-878.3333,-1424.0,-868.3333,-1424.0,-1318.3334,-1754.0,365243.0,365243.0,-1355.0,-1785.0
10771,113199,0.0,Cash loans,F,1.0,0.0,0,427500.0,1129500.0,36567.0,1129500.0,FAMILY,Working,Higher education,Married,House / apartment,0.072508,43.0,-622,-13231.0,-1520,7.0,1,1,1,1,1,0,4,2.0,1,1,WEEKEND,14,0,0,0,0,0,0,Other,,0.7705089640713009,0.4525335592581747,0.0,0.0,0.0,0.0,-507.0,0,1,0,0,0,0,0,0,0,0,0,0,0,0,0,0,0,0,0,0,0.0,0.0,0.0,1.0,0.0,0.0,5041042.5,-1206.5,0.0,260.25,-788.5,,0.0,2500312.5,943145.44,0.0,0.0,-151.625,,,4.0,0.5,247.125,0.5,0.37721103,0.0,0.0,,,,,,,,,,,,,,,,,,,,,,,,,,,,,25882.516,173640.0,157717.5,39069.0,260460.0,0.3333333333333333,15.666666666666666,1.0,1.0,0.15441747,-416.3333333333333,23.666666666666668,11.0,365243.0,-476.0,-206.0,-206.0,-200.0,-0.6666667,1.1044511,0.16877425,1.1044511,0.90830165,1.0,11.0,22.0,0.15441747,0.15441747,1.1044511,1.1044511,0.16877425,0.16877425,1.1044511,1.1044511,0.90830165,0.90830165,1.0,1.0,-206.0,-206.0,-206.0,-206.0,-476.0,-476.0,365243.0,365243.0,-416.3333333333333,-507.0
12352,115154,0.0,Cash loans,F,0.0,0.0,1,112500.0,885501.0,35248.5,715500.0,FAMILY,Working,Lower secondary,Married,House / apartment,0.010643,43.0,-154,-6180.0,-4144,-1.0,1,1,0,1,0,0,2,3.0,2,2,WEED,15,0,0,0,0,0,0,Business Entity Type 3,0.4327876352703981,0.674198406843736,0.7981372313187245,0.0,0.0,0.0,0.0,0.0,0,1,0,0,0,0,0,0,0,0,0,0,0,0,0,0,0,0,0,0,0.0,0.0,0.0,0.0,0.0,0.0,5758382.5,-1479.5,0.0,-932.0,-1210.0,0.0,0.0,38025.074,0.0,0.0,0.0,-1081.6666666666667,,,3.0,0.16666666666666666,310.0,0.16666666666666666,0.0,,0.0,,,,,,,,,,,,,,,,,,,,,,,,,,,,,19615.725,51277.5,53984.25,0.0,102555.0,0.0,15.5,1.0,1.0,0.0,-135.5,177.0,6.0,365243.0,-217.0,-67.0,-67.0,-60.0,-0.5,0.9498604,0.0,0.9498604,1.0527864,0.0,6.0,6.0,0.0,0.0,0.9498604,0.9498604,0.0,0.0,0.9498604,0.9498604,1.0527864,1.0527864,0.0,0.0,-67.0,-67.0,-67.0,-67.0,-217.0,-217.0,365243.0,365243.0,-135.5,-251.0
13514,116576,0.0,Cash loans,F,1.0,1.0,0,90000.0,260568.0,25515.0,247500.0,FAMILY,Pensioner,Secondary / secondary special,Married,House / apartment,0.005084,43.0,365243,-10190.0,-4654,13.0,1,0,0,1,0,0,,2.0,2,2,WEEKEND,11,0,0,0,0,0,0,XNA,,0.4301197363853919,,0.0,0.0,0.0,0.0,0.0,0,0,0,0,1,0,0,0,0,0,0,0,0,0,0,0,0,0,0,0,,,,,,,,,,,,,,,,,,,,,,,,,,,,2005020.0,-48.5,4812.162,29062.5,0.0,92.8125,92.8125,0.0,784.7114,1077.8611,1064.8046,4609.7725,4806.3604,4806.3604,0.0,0.020833333333333332,0.020833334,0.0,21.510416,0.0,0.0,23.0,0.3886337673611111,0.0,0.0,0.0,0.0,445500.0,7556.715,81090.0,81090.0,0.0,81090.0,1.0,16.0,1.0,1.0,0.0,-155.0,1600.0,12.0,365243.0,-125.0,205.0,365243.0,365243.0,0.0,1.0,0.0,1.0,1.0,0.0,12.0,12.0,0.0,0.0,1.0,1.0,0.0,0.0,1.0,1.0,1.0,1.0,0.0,0.0,365243.0,365243.0,205.0,205.0,-125.0,-125.0,365243.0,365243.0,-155.0,-155.0
17641,121679,0.0,Cash loans,F,0.0,1.0,0,90000.0,254700.0,14751.0,225000.0,ALONE,Pensioner,Secondary / secondary special,Married,House / apartment,0.031329,43.0,365243,-13730.0,-4724,-1.0,1,0,0,1,0,0,,2.0,2,2,WEED,9,0,0,0,0,0,0,XNA,,0.2653799534379413,0.3185955240537633,2.0,1.0,2.0,1.0,-536.0,0,1,0,0,0,0,0,0,0,0,0,0,0,0,0,0,0,0,0,0,0.0,0.0,0.0,0.0,0.0,0.0,5064510.0,-802.2307692307693,0.0,-615.7,-920.1429,0.0,0.0,104564.33,24298.57,3400.7908,0.0,-449.61538461538464,,,6.5,0.46153846153846156,135.46153846153845,0.46153846153846156,0.23237915,0.0,0.0,,,,,,,,,,,,,,,,,,,,,,,,,,,,,12856.095,126000.0,137484.0,,189000.0,0.0,9.333333333333334,1.0,1.0,,-434.8333333333333,-1.0,18.0,365243.0,-472.25,37.75,91064.25,91068.5,0.16666667,0.9424969,,0.9424969,1.0627,0.0,18.0,72.0,,,0.9424969,0.9424969,,,0.9424969,0.9424969,1.0627,1.0627,0.0,0.0,91064.25,-513.0,37.75,-513.0,-472.25,-843.0,365243.0,365243.0,-434.8333333333333,-357.0
20743,125475,0.0,Cash loans,M,1.0,0.0,1,225000.0,1006920.0,42660.0,900000.0,ALONE,Working,Secondary / secondary special,Single / not married,House / apartment,0.010556,43.0,-1981,-4681.0,-3000,11.0,1,1,0,1,0,0,2,2.0,3,3,WEED,17,0,0,0,1,1,0,Medicine,,0.4088019050930744,0.6041125998015721,0.0,0.0,0.0,0.0,-443.0,0,1,0,0,0,0,0,0,0,0,0,0,0,0,0,0,0,0,0,0,0.0,0.0,0.0,1.0,2.0,2.0,6313994.5,-1426.375,0.0,1747.0,-1237.0,0.0,0.0,1249240.5,689503.5,0.0,0.0,-626.75,,,2.6666666666666665,0.5,118.0,0.375,0.5519382,0.0,0.0,1729798.0,-8.5,27413.89,784285.7142857143,24230.77,53617.73,0.0,33511.402,2295.7104,54777.992,52482.28,27207.459,27492.928,27492.928,0.23076923,3.142857142857143,0.0,3.1538463,4.642857,0.0,0.0,8.0,0.22510034939236112,0.0,0.0,7.142857142857143,41.96373,1706018.75,29584.553,343635.0,342511.5,13090.5,515452.5,0.3333333333333333,17.0,1.0,1.0,0.101381294,-715.0,-0.3333333333333333,5.0,182405.5,-990.0,181964.5,-733.5,181969.0,-0.33333334,1.0132141,0.10264281,1.0132141,0.9871262,1.0,5.0,10.0,0.101381294,0.101381294,1.0132141,1.0132141,0.10264281,0.10264281,1.0132141,1.0132141,0.9871262,0.9871262,1.0,1.0,-733.5,-1314.0,181964.5,-1314.0,-990.0,-1584.0,182405.5,-432.0,-715.0,-443.0
21200,126023,0.0,Cash loans,F,0.0,0.0,0,58500.0,284400.0,16011.0,225000.0,FAMILY,Pensioner,Secondary / secondary special,Separated,Municipal apartment,0.032561,43.0,365243,-13476.0,-4108,-1.0,1,0,0,1,1,0,,1.0,1,1,WEED,14,0,0,0,0,0,0,XNA,,0.7942051413275927,0.6397075677637197,5.0,1.0,5.0,1.0,-1529.0,0,0,0,0,1,0,0,0,0,0,0,0,0,0,0,0,0,0,0,0,0.0,0.0,0.0,1.0,0.0,2.0,5086300.5,-1530.75,0.0,-1361.0,-1313.0,0.0,0.0,149766.28,0.0,94500.0,0.0,-832.5,,,2.0,0.5,589.25,0.25,0.0,,0.0,,,,,,,,,,,,,,,,,,,,,,,,,,,,,12640.186,103582.93,106461.64,2523.0,103582.93,0.14285714285714285,13.0,1.0,1.0,0.034511853,-1964.2857142857142,238.42857142857142,11.142858,365243.0,-1881.8334,-1581.8334,-1581.8334,-1568.3334,0.5714286,0.98388046,0.03501787,0.98388046,1.0192722,1.0,11.142858,78.0,0.034511853,0.034511853,0.98388046,0.98388046,0.03501787,0.03501787,0.98388046,0.98388046,1.0192722,1.0192722,1.0,1.0,-1581.8334,-2375.0,-1581.8334,-2375.0,-1881.8334,-2525.0,365243.0,365243.0,-1964.2857142857142,-2276.0
24353,129856,0.0,Cash loans,M,0.0,0.0,0,324000.0,1288350.0,37053.0,1125000.0,FAMILY,Working,Secondary / secondary special,Married,House / apartment,0.01885,43.0,-486,-2620.0,-1919,-1.0,1,1,0,1,0,0,2,2.0,2,2,WEED,17,0,0,0,0,0,0,Business Entity Type 3,0.4076032349277931,0.5620037006330016,0.2925880073368475,1.0,1.0,1.0,1.0,-47.0,0,1,0,0,0,0,0,0,0,0,0,0,0,0,1,0,0,0,0,0,0.0,0.0,0.0,1.0,2.0,1.0,5515592.714285715,-2013.0,0.0,-1010.1667,-1345.0,7272.105,0.0,279060.44,75469.5,10829.64,0.0,-939.4285714285714,4951.278,-65.71428571428571,3.5,0.2857142857142857,193.42857142857142,0.2857142857142857,0.2704414,0.0,0.0,,,,,,,,,,,,,,,,,,,,,,,,,,,,,9684.468,133960.72,138442.5,2268.27,160752.88,0.6666666666666666,16.333333333333332,1.0,1.0,0.040175285,-285.3333333333333,344.5,18.8,365243.0,-303.6,230.4,146020.2,146022.0,0.0,0.97856385,0.045231514,0.97856385,1.0310639,1.0,18.8,94.0,0.040175285,0.040175285,0.97856385,0.97856385,0.045231514,0.045231514,0.97856385,0.97856385,1.0310639,1.0310639,1.0,1.0,146020.2,-197.0,230.4,-18.0,-303.6,-708.0,365243.0,365243.0,-285.3333333333333,-7.0
25786,131599,0.0,Cash loans,M,1.0,0.0,0,360000.0,2250000.0,59355.0,2250000.0,ALONE,State servant,Secondary / secondary special,Married,House / apartment,0.04622,43.0,-6812,-12676.0,-3466,1.0,1,1,0,1,1,0,2,2.0,1,1,WEED,10,0,0,0,0,0,0,Military,,0.7654593036265686,0.6347055309763198,0.0,0.0,0.0,0.0,-919.0,0,0,0,0,0,0,1,0,0,0,0,0,0,0,0,0,0,0,0,0,0.0,0.0,0.0,3.0,0.0,1.0,6819205.5,-669.0,0.0,397.0,-973.0,,0.0,3542649.8,3378237.8,0.0,0.0,-508.0,,,2.0,0.5,610.0,0.5,0.9535907,0.0,0.0,,,,,,,,,,,,,,,,,,,,,,,,,,,,,4621.4775,85905.0,87324.75,0.0,85905.0,0.5,16.5,1.0,1.0,0.0,-847.0,1000.0,18.0,365243.0,-816.0,-306.0,-501.0,-488.0,0.0,0.95227647,0.0,0.95227647,1.0527592,0.0,18.0,36.0,0.0,0.0,0.95227647,0.95227647,0.0,0.0,0.95227647,0.95227647,1.0527592,1.0527592,0.0,0.0,-501.0,-624.0,-306.0,-414.0,-816.0,-888.0,365243.0,365243.0,-847.0,-919.0
29003,135492,0.0,Cash loans,M,1.0,0.0,0,166500.0,647046.0,17199.0,463500.0,ALONE,Working,Secondary / secondary special,Married,With parents,0.010032,43.0,-474,-6110.0,-3409,7.0,1,1,0,1,0,0,2,2.0,2,2,WEED,10,0,0,0,0,0,0,Transport: type 2,,0.3805683434910913,0.4382813743111921,0.0,0.0,0.0,0.0,-225.0,0,1,0,0,0,0,0,0,0,0,0,0,0,0,0,0,0,0,0,0,0.0,0.0,0.0,0.0,2.0,2.0,5909819.5,-940.0,0.0,-744.0,-745.0,0.0,0.0,67283.59,0.0,0.0,0.0,-744.0,,,2.0,0.0,84.0,0.0,0.0,,0.0,,,,,,,,,,,,,,,,,,,,,,,,,,,,,32519.453,271500.0,274016.25,,814500.0,0.0,6.5,1.0,1.0,,-135.33333333333334,-1.0,36.0,365243.0,-193.0,137.0,-133.0,-128.0,-0.6666667,0.97433245,,0.97433245,1.0270565,0.0,36.0,72.0,,,0.97433245,0.97433245,,,0.97433245,0.97433245,1.0270565,1.0270565,0.0,0.0,-133.0,-133.0,137.0,137.0,-193.0,-193.0,365243.0,365243.0,-135.33333333333334,-91.0
29591,136205,0.0,Cash loans,F,0.0,0.0,0,144000.0,1035832.5,33543.0,904500.0,ALONE,Commercial associate,Secondary / secondary special,Civil marriage,House / apartment,0.019101,43.0,-1928,-4874.0,-2949,-1.0,1,1,0,1,0,0,2,2.0,2,2,WEED,17,0,0,0,0,0,0,Business Entity Type 3,0.4238983363587308,0.6191722707037983,0.3077366963789207,3.0,0.0,3.0,0.0,-1692.0,0,1,0,0,0,0,0,0,0,0,0,0,0,0,0,0,0,0,0,0,0.0,0.0,0.0,0.0,0.0,0.0,6640993.0,-678.8,0.0,-389.0,-565.3333,2772.0,0.0,132972.47,19019.7,65393.34,0.0,-283.0,,,2.5,0.4,182.2,0.4,0.14303486,0.0,0.0,2652677.0,-36.5,88520.72,118750.0,2312.5,2312.5,0.0,0.0,5770.691,6315.708,6293.7,84049.2,88517.67,88517.67,0.2638889,0.2638888888888889,0.0,0.0,35.704224,0.0,0.0,65.0,0.9075224826388888,0.0,0.0,0.0,100.0,876315.7894736842,18728.893,167270.62,183573.56,6929.25,191166.42,0.375,15.375,1.0,1.0,0.0980886,-1325.625,476.75,9.75,304004.84,-1239.6666,60236.0,60158.168,121069.5,-0.25,0.9208307,0.09960917,0.9208307,0.960079,1.0,9.75,78.0,0.0980886,0.0980886,0.9208307,0.9208307,0.09960917,0.09960917,0.9208307,0.9208307,0.960079,0.960079,1.0,1.0,60158.168,-2208.0,60236.0,-2208.0,-1239.6666,-2538.0,304004.84,-2186.0,-1325.625,-2584.0
29835,136498,0.0,Cash loans,F,0.0,1.0,0,90000.0,463500.0,26739.0,463500.0,FAMILY,Pensioner,Secondary / secondary special,Widow,House / apartment,0.031329,43.0,365243,-4440.0,-3447,-1.0,1,0,0,1,0,0,,1.0,2,2,WEED,9,0,0,0,0,0,0,XNA,,0.582873717827203,0.7922644738669378,2.0,1.0,2.0,0.0,-2631.0,0,1,0,0,0,0,0,0,0,0,0,0,0,0,0,0,0,0,0,0,0.0,0.0,0.0,0.0,1.0,0.0,6659419.0,-1693.3333333333333,0.0,-1510.6666,-1510.6666,0.0,0.0,69525.0,0.0,0.0,0.0,-1221.0,0.0,-55.0,3.0,0.0,576.3333333333334,0.0,0.0,,0.0,,,,,,,,,,,,,,,,,,,,,,,,,,,,,10563.975,84450.0,82329.0,8445.0,84450.0,0.0,12.0,1.0,1.0,0.1018828,-2328.6666666666665,77.33333333333333,9.333333,365243.0,-2287.0,-2037.0,-2047.0,-2041.0,0.6666667,1.0320654,0.10320654,1.0320654,0.96928763,1.0,9.333333,28.0,0.1018828,0.1018828,1.0320654,1.0320654,0.10320654,0.10320654,1.0320654,1.0320654,0.96928763,0.96928763,1.0,1.0,-2047.0,-2651.0,-2037.0,-2621.0,-2287.0,-2771.0,365243.0,365243.0,-2328.6666666666665,-1521.0
33896,141418,0.0,Cash loans,F,1.0,1.0,0,225000.0,1762110.0,48456.0,1575000.0,ALONE,Pensioner,Higher education,Married,House / apartment,0.072508,43.0,365243,-9379.0,-4508,4.0,1,0,0,1,0,0,,2.0,1,1,WEED,14,0,0,0,0,0,0,XNA,0.9023643826233476,0.6990374662459145,0.6577838002083306,1.0,0.0,1.0,0.0,-1029.0,0,0,0,0,1,0,0,0,0,0,0,0,0,0,0,0,0,0,0,0,0.0,0.0,0.0,0.0,1.0,0.0,5523043.0,-597.4,0.0,633.8,-1132.0,0.0,0.0,832122.0,396333.9,0.0,0.0,-84.4,,,2.5,0.8,296.8,1.0,0.47629303,0.0,0.0,,,,,,,,,,,,,,,,,,,,,,,,,,,,,13735.89,234702.0,265684.5,0.0,234702.0,0.0,11.0,1.0,1.0,0.0,-1029.0,1722.0,24.0,365243.0,-998.0,-308.0,-788.0,-778.0,0.0,0.88338614,0.0,0.88338614,1.1320078,0.0,24.0,24.0,0.0,0.0,0.88338614,0.88338614,0.0,0.0,0.88338614,0.88338614,1.1320078,1.1320078,0.0,0.0,-788.0,-788.0,-308.0,-308.0,-998.0,-998.0,365243.0,365243.0,-1029.0,-1029.0
34767,142484,0.0,Cash loans,F,0.0,1.0,0,121500.0,518562.0,22099.5,463500.0,ALONE,Commercial associate,Secondary / secondary special,Single / not married,House / apartment,0.020246,43.0,-6695,-8594.0,-662,-1.0,1,1,0,1,0,0,3,1.0,3,3,WEEKEND,12,0,0,0,0,0,0,Trade: type 7,,0.0199278984890102,0.3944954053123993,3.0,0.0,3.0,0.0,-621.0,0,1,0,0,0,0,0,0,0,0,0,0,0,0,0,0,0,0,0,0,0.0,0.0,0.0,0.0,0.0,4.0,5588103.5,-89.0,0.0,18.5,,0.0,0.0,49500.0,18281.25,0.0,0.0,-15.5,,,2.0,1.0,61.0,1.0,0.3693182,0.0,0.0,,,,,,,,,,,,,,,,,,,,,,,,,,,,,16970.625,140868.0,148196.25,10675.5,187824.0,0.0,12.25,1.0,1.0,0.06647845,-470.75,339.75,16.666666,365243.0,-523.5,-163.5,-163.5,-160.0,-0.5,0.96615475,0.06719254,0.96615475,1.0390179,1.0,16.666666,50.0,0.06647845,0.06647845,0.96615475,0.96615475,0.06719254,0.06719254,0.96615475,0.96615475,1.0390179,1.0390179,1.0,1.0,-163.5,-197.0,-163.5,-197.0,-523.5,-587.0,365243.0,365243.0,-470.75,-621.0
35726,143664,0.0,Cash loans,F,0.0,1.0,0,164250.0,117162.0,11718.0,103500.0,ALONE,Pensioner,Secondary / secondary special,Married,House / apartment,0.0228,43.0,365243,-13959.0,-4872,-1.0,1,0,0,1,0,0,,2.0,2,2,WEED,12,0,0,0,0,0,0,XNA,,0.6316051339724755,0.7636399214572418,4.0,0.0,4.0,0.0,0.0,0,0,0,0,1,0,0,0,0,0,0,0,0,0,0,0,0,0,0,0,0.0,0.0,0.0,0.0,0.0,0.0,5578038.0,-2469.8,0.0,-1441.0,-2057.4,7485.0,0.0,145194.12,0.0,0.0,0.0,-1157.8,,,2.5,0.0,216.2,0.0,0.0,,0.0,,,,,,,,,,,,,,,,,,,,,,,,,,,,,7517.655,42950.25,40232.25,3240.0,42950.25,1.0,9.5,1.0,1.0,0.054454546,-2505.5,112.0,6.0,365243.0,-2534.0,-2384.0,-2444.0,-2439.0,0.0,1.0319831,0.055555556,1.0319831,0.9747387,1.0,6.0,12.0,0.054454546,0.054454546,1.0319831,1.0319831,0.055555556,0.055555556,1.0319831,1.0319831,0.9747387,0.9747387,1.0,1.0,-2444.0,-2444.0,-2384.0,-2384.0,-2534.0,-2534.0,365243.0,365243.0,-2505.5,-2565.0
37122,145357,0.0,Revolving loans,M,0.0,0.0,1,135000.0,270000.0,13500.0,270000.0,ALONE,Working,Secondary / secondary special,Civil marriage,House / apartment,0.00733,43.0,-2260,-9259.0,-4426,-1.0,1,1,0,1,0,0,2,3.0,2,2,WEEKEND,10,0,0,0,0,0,0,Self-employed,,0.6650117637239039,0.8245949709919925,1.0,0.0,1.0,0.0,-121.0,0,0,0,0,0,0,0,0,0,0,0,0,0,0,0,0,0,0,0,0,0.0,0.0,0.0,0.0,1.0,2.0,6606377.0,-1282.3333333333333,0.0,-491.0,-405.0,9992.25,0.0,248685.0,0.0,0.0,0.0,-267.6666666666667,,,3.0,0.6666666666666666,291.0,0.3333333333333333,0.0,,0.0,,,,,,,,,,,,,,,,,,,,,,,,,,,,,8016.5703,35361.0,38353.5,0.0,35361.0,0.0,14.5,1.0,1.0,0.0,-497.5,30.0,6.0,365243.0,-467.0,-317.0,182275.0,182279.0,0.5,0.89294565,0.0,0.89294565,1.1235518,0.0,6.0,12.0,0.0,0.0,0.89294565,0.89294565,0.0,0.0,0.89294565,0.89294565,1.1235518,1.1235518,0.0,0.0,182275.0,-693.0,-317.0,-693.0,-467.0,-843.0,365243.0,365243.0,-497.5,-121.0
37267,145531,1.0,Cash loans,M,0.0,0.0,0,225000.0,450000.0,30442.5,450000.0,ALONE,Working,Incomplete higher,Married,House / apartment,0.00702,43.0,-2707,-775.0,-252,-1.0,1,1,1,1,0,0,2,2.0,2,2,WEED,15,0,0,0,0,0,0,Industry: type 9,0.2261369260003645,0.6286593217903471,0.1014593569914692,0.0,0.0,0.0,0.0,-2003.0,0,1,0,0,0,0,0,0,0,0,0,0,0,0,0,0,0,0,0,0,0.0,0.0,0.0,2.0,0.0,4.0,6441768.0,-1025.7777777777778,0.0,2875.5,-837.3333,15750.0,0.0,1815812.0,1114043.0,0.0,0.0,-227.77777777777777,,,3.0,0.6666666666666666,229.88888888888889,0.8888888888888888,0.6135233,0.0,0.0,,,,,,,,,,,,,,,,,,,,,,,,,,,,,10086.195,87639.625,89249.81,4125.857,107115.1,0.0,14.727272727272727,1.0,1.0,0.088169314,-1329.7272727272727,289.54545454545456,9.777778,365243.0,-1367.8,-1061.8,71951.6,71958.4,-0.45454547,1.0032618,0.08954612,1.0032618,1.0024252,1.0,9.777778,88.0,0.088169314,0.088169314,1.0032618,1.0032618,0.08954612,0.08954612,1.0032618,1.0032618,1.0024252,1.0024252,1.0,1.0,71951.6,-2487.0,-1061.8,-2487.0,-1367.8,-2757.0,365243.0,365243.0,-1329.7272727272727,-2003.0
40400,149336,0.0,Cash loans,F,0.0,1.0,0,121500.0,970380.0,28503.0,810000.0,ALONE,Working,Secondary / secondary special,Married,House / apartment,0.020246,43.0,-690,-35.0,-26,-1.0,1,1,0,1,0,0,2,2.0,3,3,WEED,11,0,0,0,0,0,0,Medicine,,0.4102666605549575,0.2276129150623945,0.0,0.0,0.0,0.0,-1584.0,0,0,0,0,1,0,0,0,0,0,0,0,0,0,0,0,0,0,0,0,0.0,0.0,0.0,1.0,0.0,1.0,5663065.1875,-1342.15625,0.0,1287.5,-1107.125,2181.4614,0.0,76900.984,33115.484,1179.2386,0.0,-756.4375,,,10.666666666666666,0.25,74.875,0.25,0.43062496,0.0,0.0,1731312.0,-21.0,148941.73,180000.0,16869.512,17089.023,0.0,219.51219,8346.474,29673.15,29673.15,143343.8,147760.31,147760.31,1.0,1.024390243902439,0.0,0.024390243,19.525,0.0,0.0,39.0,1.0327332465277779,0.0,0.0,0.0,98.71548,1668214.2857142857,24226.17,355136.7,403594.7,0.0,399528.78,0.0,10.555555555555555,1.0,1.0,0.0,-1117.3333333333333,-1.0,18.666666,324520.78,-1085.6666,40165.332,80496.11,80500.445,0.7777778,0.82643414,0.0,0.82643414,1.0757347,0.0,18.666666,168.0,0.0,0.0,0.82643414,0.82643414,0.0,0.0,0.82643414,0.82643414,1.0757347,1.0757347,0.0,0.0,80496.11,-1723.0,40165.332,-1663.0,-1085.6666,-1993.0,324520.78,-1257.0,-1117.3333333333333,-1037.0
41699,150945,0.0,Cash loans,M,1.0,1.0,0,225000.0,225000.0,14377.5,225000.0,ALONE,Working,Secondary / secondary special,Married,House / apartment,0.035792,43.0,-3713,-4820.0,-3029,9.0,1,1,0,1,1,0,2,2.0,2,2,WEED,14,0,0,0,0,0,0,Construction,0.6289432287381018,0.6859680354489567,0.2636468134452008,0.0,0.0,0.0,0.0,-2585.0,0,1,0,0,0,0,0,0,0,0,0,0,0,0,0,0,0,0,0,0,0.0,0.0,0.0,0.0,1.0,6.0,6634000.833333333,-1302.0,0.0,-873.0,-1256.6666,,0.0,353463.0,168527.25,0.0,0.0,-442.3333333333333,0.0,-42.5,3.0,0.5,411.3333333333333,0.5,0.47678894,0.0,0.0,2354765.0,-5.5,318386.53,376875.0,53437.5,54281.246,0.0,843.7444,14368.359,25293.215,22131.562,310121.6,316479.66,316479.66,1.25,1.375,0.0,0.125,3.5,0.0,0.0,7.0,0.9143984616126544,0.0,0.0,0.0,98.4456,3947726.9886363638,10260.932,123354.0,122557.5,2205.0,158598.0,0.4444444444444444,13.555555555555555,1.0,1.0,0.07711037,-870.7777777777778,44.666666666666664,12.285714,304327.66,-1170.3334,59965.5,120817.0,120909.836,-0.22222222,1.0346141,0.08066384,1.0346141,0.9681385,1.0,12.285714,86.0,0.07711037,0.07711037,1.0346141,1.0346141,0.08066384,0.08066384,1.0346141,1.0346141,0.9681385,0.9681385,1.0,1.0,120817.0,-2404.0,59965.5,-2404.0,-1170.3334,-2554.0,304327.66,-249.0,-870.7777777777778,-268.0
42381,151790,0.0,Cash loans,M,1.0,0.0,1,270000.0,225000.0,10944.0,225000.0,ALONE,Working,Secondary / secondary special,Married,House / apartment,0.00712,43.0,-806,-6429.0,-1689,21.0,1,1,1,1,0,0,2,3.0,2,2,WEEKEND,8,0,1,1,0,1,1,Business Entity Type 3,0.0565306494488681,0.4484254063704244,0.1528662291550415,0.0,0.0,0.0,0.0,-1383.0,0,1,0,0,0,0,0,0,0,0,0,0,0,0,0,0,0,0,0,0,0.0,0.0,0.0,0.0,1.0,2.0,6350095.0,-448.6666666666667,0.0,15323.75,-167.5,56.429996,0.1111111111111111,106231.26,67129.95,64.99928,0.0,-51.111111111111114,,,4.5,0.7777777777777778,64.77777777777777,0.7777777777777778,0.6319228,0.0,0.1111111111111111,,,,,,,,,,,,,,,,,,,,,,,,,,,,,12508.2,93000.0,105771.0,,139500.0,0.0,9.666666666666666,1.0,1.0,,-315.6666666666667,4.0,21.0,365243.0,-421.0,269.0,365243.0,365243.0,-0.33333334,0.8776159,,0.8776159,1.1394999,0.0,21.0,42.0,,,0.8776159,0.8776159,,,0.8776159,0.8776159,1.1394999,1.1394999,0.0,0.0,365243.0,365243.0,269.0,269.0,-421.0,-421.0,365243.0,365243.0,-315.6666666666667,-248.0
43820,153554,0.0,Cash loans,M,1.0,1.0,1,315000.0,1350000.0,39474.0,1350000.0,ALONE,Commercial associate,Secondary / secondary special,Married,House / apartment,0.0228,43.0,-654,-3148.0,-4336,16.0,1,1,0,1,0,0,2,3.0,2,2,WEED,11,0,0,0,0,0,0,Business Entity Type 3,,0.4578702443363679,,0.0,0.0,0.0,0.0,-1761.0,0,1,0,0,0,0,0,0,0,0,0,0,0,0,0,0,0,0,0,0,,,,,,,,,,,,,,,,,,,,,,,,,,,,1386341.0,-48.5,0.0,40781.25,,0.0,,,0.0,,0.0,0.0,0.0,0.0,,0.0,,,0.0,0.0,0.0,0.0,0.0,0.0,0.0,0.0,,,12492.54,72931.43,117818.93,0.0,97241.91,0.0,13.5,1.0,1.0,0.0,-1669.5,779.5,18.0,365243.0,182384.5,182909.5,182429.5,182432.0,-0.25,0.7086811,0.0,0.7086811,1.066,0.0,18.0,36.0,0.0,0.0,0.7086811,0.7086811,0.0,0.0,0.7086811,0.7086811,1.066,1.066,0.0,0.0,182429.5,-384.0,182909.5,576.0,182384.5,-474.0,365243.0,365243.0,-1669.5,-1498.0
44416,154281,1.0,Cash loans,F,0.0,1.0,1,202500.0,1003500.0,29470.5,1003500.0,ALONE,Commercial associate,Incomplete higher,Married,House / apartment,0.04622,43.0,-3521,-12260.0,-1680,-1.0,1,1,1,1,1,0,3,3.0,1,1,WEED,17,0,0,0,0,0,0,Self-employed,,0.6363445629313793,0.7490217048463391,1.0,0.0,1.0,0.0,-332.0,0,1,0,0,0,0,0,0,0,0,0,0,0,0,0,0,0,0,0,0,0.0,0.0,0.0,0.0,0.0,1.0,6628975.5,-1460.5,0.0,-607.25,-998.0,8025.345,0.0,512600.62,0.0,0.0,0.0,-769.25,,,4.0,0.0,629.0,0.0,0.0,,0.0,,,,,,,,,,,,,,,,,,,,,,,,,,,,,33412.184,835200.0,751680.0,83520.0,835200.0,0.0,16.0,1.0,1.0,0.10890909,-290.0,14.0,30.0,365243.0,-260.0,610.0,365243.0,365243.0,0.0,1.1111112,0.11111111,1.1111112,0.9,1.0,30.0,30.0,0.10890909,0.10890909,1.1111112,1.1111112,0.11111111,0.11111111,1.1111112,1.1111112,0.9,0.9,1.0,1.0,365243.0,365243.0,610.0,610.0,-260.0,-260.0,365243.0,365243.0,-290.0,-290.0
45767,155932,0.0,Cash loans,M,1.0,1.0,2,112500.0,74182.5,5823.0,67500.0,ALONE,Working,Incomplete higher,Married,House / apartment,0.01885,43.0,-2026,-193.0,-4688,21.0,1,1,1,1,0,0,2,4.0,2,2,WEED,10,0,0,0,0,0,0,Agriculture,,0.6155770123426783,0.6263042766749393,1.0,1.0,1.0,1.0,-104.0,0,0,0,0,0,0,1,0,0,0,0,0,0,0,0,0,0,0,0,0,0.0,0.0,0.0,0.0,0.0,1.0,6017701.0,-2358.0,0.0,-1262.0,-1791.0,,0.0,1350000.0,0.0,0.0,0.0,-865.0,,,1.0,0.0,0.0,0.0,0.0,,0.0,1768728.0,-2.0,0.0,67500.0,,0.0,,,0.0,,0.0,0.0,0.0,0.0,,0.0,,,0.0,0.0,0.0,0.0,0.0,0.0,0.0,0.0,,,7562.1826,84375.0,89703.0,,84375.0,0.0,10.0,1.0,1.0,,-108.0,100.0,6.0,365243.0,182584.5,182749.5,365243.0,365243.0,-0.25,0.95705235,,0.95705235,1.04736,0.0,6.0,24.0,,,0.95705235,0.95705235,,,0.95705235,0.95705235,1.04736,1.04736,0.0,0.0,365243.0,365243.0,182749.5,256.0,182584.5,-74.0,365243.0,365243.0,-108.0,-112.0
46692,157040,0.0,Cash loans,M,1.0,1.0,2,135000.0,592560.0,32274.0,450000.0,FAMILY,Working,Secondary / secondary special,Married,House / apartment,0.025164,43.0,-1480,-1106.0,-4554,5.0,1,1,0,1,0,0,2,4.0,2,2,WEEKEND,8,0,0,0,0,0,0,School,,0.162144567666238,,2.0,1.0,2.0,1.0,-315.0,0,1,0,0,0,0,0,0,0,0,0,0,0,0,0,0,0,0,0,0,,,,,,,,,,,,,,,,,,,,,,,,,,,,,,,,,,,,,,,,,,,,,,,,,,,,,,,,12176.685,62545.5,65848.5,0.0,62545.5,1.0,11.0,1.0,1.0,0.0,-315.0,77.0,6.0,365243.0,-284.0,-134.0,-134.0,-132.0,0.0,0.9498394,0.0,0.9498394,1.0528096,0.0,6.0,6.0,0.0,0.0,0.9498394,0.9498394,0.0,0.0,0.9498394,0.9498394,1.0528096,1.0528096,0.0,0.0,-134.0,-134.0,-134.0,-134.0,-284.0,-284.0,365243.0,365243.0,-315.0,-315.0
47169,157628,1.0,Cash loans,F,0.0,1.0,0,112500.0,403330.5,19746.0,333000.0,ALONE,Pensioner,Secondary / secondary special,Married,House / apartment,0.031329,43.0,365243,-4862.0,-3857,-1.0,1,0,0,1,0,0,,2.0,2,2,WEED,9,0,0,0,0,0,0,XNA,,0.1923160541736026,0.4206109640437848,6.0,1.0,6.0,1.0,-324.0,0,0,0,0,1,0,0,0,0,0,0,0,0,0,0,0,0,0,0,0,0.0,0.0,0.0,0.0,1.0,2.0,5508335.5,-821.8333333333334,0.0,-111.6,-433.25,0.0,0.0,146558.97,52751.25,37.29,0.0,-292.8333333333333,,,3.0,0.3333333333333333,117.33333333333333,0.3333333333333333,0.35993192,0.0,0.0,,,,,,,,,,,,,,,,,,,,,,,,,,,,,15681.195,70638.0,79729.5,0.0,211914.0,0.3333333333333333,14.0,1.0,1.0,0.0,-172.0,106.0,18.0,365243.0,-294.0,216.0,365243.0,365243.0,-0.33333334,0.8859707,0.0,0.8859707,1.1287055,0.0,18.0,18.0,0.0,0.0,0.8859707,0.8859707,0.0,0.0,0.8859707,0.8859707,1.1287055,1.1287055,0.0,0.0,365243.0,365243.0,216.0,216.0,-294.0,-294.0,365243.0,365243.0,-172.0,-96.0
49475,160457,0.0,Cash loans,F,0.0,0.0,0,103500.0,942300.0,30528.0,675000.0,ALONE,Working,Secondary / secondary special,Married,House / apartment,0.00496,43.0,-382,-4052.0,-2945,-1.0,1,1,0,1,0,0,,2.0,2,2,WEED,14,0,0,0,0,0,0,Business Entity Type 3,,0.6696430313301501,0.7557400501752248,0.0,0.0,0.0,0.0,-544.0,0,1,0,0,0,0,0,0,0,0,0,0,0,0,0,0,0,0,0,0,0.0,0.0,0.0,0.0,1.0,1.0,6784847.0,-891.0,0.0,-526.0,-520.0,,0.0,45994.5,0.0,0.0,0.0,-519.0,,,1.0,0.0,0.0,0.0,0.0,,0.0,,,,,,,,,,,,,,,,,,,,,,,,,,,,,4877.19,22531.5,23719.5,0.0,22531.5,1.0,13.0,1.0,1.0,0.0,-544.0,212.0,6.0,365243.0,-511.0,-361.0,-361.0,-354.0,0.0,0.94991463,0.0,0.94991463,1.0527261,0.0,6.0,6.0,0.0,0.0,0.94991463,0.94991463,0.0,0.0,0.94991463,0.94991463,1.0527261,1.0527261,0.0,0.0,-361.0,-361.0,-361.0,-361.0,-511.0,-511.0,365243.0,365243.0,-544.0,-544.0
51553,163040,0.0,Cash loans,F,0.0,1.0,0,112500.0,254700.0,13315.5,225000.0,FAMILY,Commercial associate,Higher education,Separated,House / apartment,0.030755,43.0,-1962,-5.0,-2364,-1.0,1,1,0,1,0,0,3,1.0,2,2,WEEKEND,12,0,0,0,0,0,0,Self-employed,0.5602286676131529,0.5426653991603912,0.3170317785834444,0.0,0.0,0.0,0.0,-234.0,0,1,0,0,0,0,0,0,0,0,0,0,0,0,0,0,0,1,0,0,0.0,0.0,0.0,0.0,0.0,4.0,5286517.0,-1029.5714285714287,0.0,4.285714,-617.8,3730.5,0.0,170357.14,42222.85,93828.01,0.0,-441.0,,,3.5,0.2857142857142857,303.14285714285717,0.42857142857142855,0.24784903,0.0,0.0,,,,,,,,,,,,,,,,,,,,,,,,,,,,,13956.4795,30000.0,33370.0,,90000.0,0.0,16.11111111111111,1.0,1.0,,-187.66666666666666,-1.0,8.0,365243.0,-204.0,-54.0,-54.0,-49.0,-0.7777778,0.9250898,,0.9250898,1.0858889,0.0,8.0,24.0,,,0.9250898,0.9250898,,,0.9250898,0.9250898,1.0858889,1.0858889,0.0,0.0,-54.0,-54.0,-54.0,-54.0,-204.0,-204.0,365243.0,365243.0,-187.66666666666666,-178.0
55032,167352,0.0,Cash loans,M,1.0,1.0,2,106434.0,135000.0,13216.5,135000.0,ALONE,Commercial associate,Higher education,Married,House / apartment,0.028663,43.0,-147,-846.0,-342,7.0,1,1,1,1,0,0,3,4.0,2,2,WEED,10,0,0,0,0,0,0,Other,,0.5098027710570147,0.6006575372857061,0.0,0.0,0.0,0.0,-543.0,0,0,0,0,0,0,0,0,0,0,0,0,0,0,0,0,1,0,0,0,0.0,0.0,0.0,0.0,0.0,1.0,6451103.0,-220.0,0.0,-7.0,-7.0,0.0,0.0,23264.82,0.0,0.0,0.0,-5.0,12656.25,-7.0,1.0,0.0,0.0,0.0,0.0,,0.0,,,,,,,,,,,,,,,,,,,,,,,,,,,,,19743.75,607500.0,607500.0,,607500.0,0.0,15.0,1.0,1.0,,-543.0,-1.0,48.0,365243.0,-512.0,898.0,365243.0,365243.0,0.0,1.0,,1.0,1.0,0.0,48.0,48.0,,,1.0,1.0,,,1.0,1.0,1.0,1.0,0.0,0.0,365243.0,365243.0,898.0,898.0,-512.0,-512.0,365243.0,365243.0,-543.0,-543.0
58504,171615,0.0,Cash loans,F,0.0,1.0,0,90000.0,229230.0,24817.5,202500.0,ALONE,Working,Secondary / secondary special,Married,House / apartment,0.020246,43.0,-2971,-6879.0,-4600,-1.0,1,1,0,1,1,0,,2.0,3,3,WEEKEND,9,0,0,0,0,0,0,Business Entity Type 1,,0.2582211966652917,0.8128226070575616,1.0,0.0,1.0,0.0,-1206.0,0,0,0,0,1,0,0,0,0,0,0,0,0,0,0,0,0,0,0,0,0.0,0.0,0.0,0.0,0.0,1.0,6526111.0,-2138.8,0.0,-1963.2,-1969.8,2.295,0.0,80015.58,0.0,0.0,0.0,-1889.0,,,5.0,0.0,276.6,0.0,0.0,,0.0,,,,,,,,,,,,,,,,,,,,,,,,,,,,,14946.615,86416.875,89060.625,0.0,115222.5,0.25,9.5,1.0,1.0,0.0,-354.75,275.25,9.333333,365243.0,121352.0,-136.66667,243253.67,243255.33,0.0,0.9607127,0.0,0.9607127,1.0418088,0.0,9.333333,28.0,0.0,0.0,0.9607127,0.9607127,0.0,0.0,0.9607127,0.9607127,1.0418088,1.0418088,0.0,0.0,243253.67,-725.0,-136.66667,-725.0,121352.0,-1175.0,365243.0,365243.0,-354.75,-43.0
62329,176311,0.0,Cash loans,F,0.0,1.0,0,171000.0,1042560.0,40702.5,900000.0,ALONE,Working,Higher education,Single / not married,House / apartment,0.00496,43.0,-3171,-12194.0,-4294,-1.0,1,1,0,1,0,0,,1.0,2,2,WEED,18,0,0,0,0,0,0,Business Entity Type 3,,0.6233399927690542,,0.0,0.0,0.0,0.0,-175.0,0,1,0,0,0,0,0,0,0,0,0,0,0,0,0,0,0,0,0,0,0.0,0.0,0.0,0.0,0.0,0.0,5056307.0,-895.0,0.0,79.333336,-373.0,0.0,0.0,400016.56,132024.0,0.0,0.0,-330.6666666666667,,,3.0,0.6666666666666666,354.6666666666667,0.3333333333333333,0.33004636,0.0,0.0,,,,,,,,,,,,,,,,,,,,,,,,,,,,,3771.54,46710.0,37368.0,9342.0,46710.0,0.0,14.0,1.0,1.0,0.21781819,-175.0,70.0,12.0,365243.0,-138.0,192.0,-48.0,-45.0,0.0,1.25,0.25,1.25,0.8,1.0,12.0,12.0,0.21781819,0.21781819,1.25,1.25,0.25,0.25,1.25,1.25,0.8,0.8,1.0,1.0,-48.0,-48.0,192.0,192.0,-138.0,-138.0,365243.0,365243.0,-175.0,-175.0
62357,176343,0.0,Cash loans,F,1.0,0.0,1,67500.0,808650.0,26086.5,675000.0,ALONE,Working,Higher education,Married,House / apartment,0.028663,43.0,-1306,-7428.0,-4228,7.0,1,1,1,1,0,0,3,3.0,2,2,WEED,15,0,0,0,0,0,0,Self-employed,,0.4655114240810791,0.656158373001177,3.0,1.0,2.0,1.0,-2339.0,0,1,0,0,0,0,0,0,0,0,0,0,0,0,0,0,0,0,0,0,0.0,0.0,0.0,0.0,0.0,0.0,5611276.5,-1908.0,0.0,-1717.0,-1731.0,3060.0,0.0,24023.25,0.0,0.0,0.0,-1730.0,,,2.0,0.0,601.0,0.0,0.0,,0.0,,,,,,,,,,,,,,,,,,,,,,,,,,,,,5250.33,53035.875,52010.25,5092.125,53035.875,0.0,12.0,1.0,1.0,0.10857847,-2200.1666666666665,43.333333333333336,12.4,365243.0,-2284.25,-1894.25,-1916.75,-1910.0,-0.16666667,1.0719612,0.11452142,1.0719612,0.93863964,1.0,12.4,62.0,0.10857847,0.10857847,1.0719612,1.0719612,0.11452142,0.11452142,1.0719612,1.0719612,0.93863964,0.93863964,1.0,1.0,-1916.75,-2433.0,-1894.25,-2343.0,-2284.25,-2613.0,365243.0,365243.0,-2200.1666666666665,-2749.0
64913,179498,0.0,Cash loans,M,0.0,1.0,0,270000.0,152820.0,16587.0,135000.0,ALONE,Working,Secondary / secondary special,Single / not married,House / apartment,0.035792,43.0,-1287,-4488.0,-982,-1.0,1,1,0,1,0,0,2,1.0,2,2,WEED,14,0,0,0,1,1,0,Self-employed,,0.5942160035285584,,0.0,0.0,0.0,0.0,0.0,0,1,0,0,0,0,0,0,0,0,0,0,0,0,0,0,0,0,0,0,,,,,,,,,,,,,,,,,,,,,,,,,,,,,,,,,,,,,,,,,,,,,,,,,,,,,,,,17209.756,67500.0,71955.0,,135000.0,0.5,14.0,1.0,1.0,,-609.5,46.0,12.0,365243.0,-1053.0,-723.0,-723.0,-716.0,0.0,0.93808633,,0.93808633,1.066,0.0,12.0,12.0,,,0.93808633,0.93808633,,,0.93808633,0.93808633,1.066,1.066,0.0,0.0,-723.0,-723.0,-723.0,-723.0,-1053.0,-1053.0,365243.0,365243.0,-609.5,-1083.0
65712,180490,0.0,Cash loans,F,0.0,0.0,0,112500.0,1288350.0,37669.5,1125000.0,FAMILY,State servant,Higher education,Married,House / apartment,0.0072739999999999,43.0,-2169,-26.0,-1544,-1.0,1,1,1,1,1,0,2,2.0,2,2,WEEKEND,18,1,1,0,1,1,0,Kindergarten,0.6673334779972104,0.6864812658017417,0.2881295999178507,0.0,0.0,0.0,0.0,-1619.0,0,1,0,0,0,0,0,0,0,0,0,0,0,0,0,0,0,0,0,0,0.0,0.0,0.0,0.0,0.0,1.0,6235930.5,-873.0,8.5,2650.8,-688.5,0.0,0.0,2510517.0,2385172.5,56250.0,59.25,-300.8333333333333,,,2.0,0.6666666666666666,282.0,0.5,0.9500722,2.484097e-05,0.0,,,,,,,,,,,,,,,,,,,,,,,,,,,,,15953.513,238477.5,274551.75,2695.5,238477.5,0.0,18.5,1.0,1.0,0.10890909,-1494.5,10.0,21.0,365243.0,-1451.5,-851.5,-1286.5,-1279.5,0.5,0.98425436,0.11111111,0.98425436,1.03316,1.0,21.0,42.0,0.10890909,0.10890909,0.98425436,0.98425436,0.11111111,0.11111111,0.98425436,0.98425436,1.03316,1.03316,1.0,1.0,-1286.5,-1443.0,-851.5,-1413.0,-1451.5,-1563.0,365243.0,365243.0,-1494.5,-1370.0
71531,187653,0.0,Revolving loans,M,1.0,1.0,0,180000.0,180000.0,9000.0,180000.0,ALONE,Working,Secondary / secondary special,Married,House / apartment,0.022625,43.0,-1496,-630.0,-976,9.0,1,1,0,1,0,0,2,2.0,2,2,WEEKEND,11,0,0,0,0,0,0,Business Entity Type 3,,0.370119840617816,,0.0,0.0,0.0,0.0,-581.0,0,0,0,0,0,0,0,0,0,0,0,0,0,0,0,0,0,0,0,0,0.0,0.0,0.0,0.0,2.0,1.0,6745729.0,-493.0,0.0,1301.0,-178.0,,0.0,2528415.0,0.0,,0.0,-193.0,,,1.0,0.0,0.0,1.0,0.0,,0.0,,,,,,,,,,,,,,,,,,,,,,,,,,,,,8135.28,88843.5,88843.5,0.0,177687.0,1.0,14.0,1.0,1.0,0.0,-335.5,29.5,24.0,365243.0,-550.0,140.0,365243.0,365243.0,-0.5,1.0,0.0,1.0,1.0,0.0,24.0,24.0,0.0,0.0,1.0,1.0,0.0,0.0,1.0,1.0,1.0,1.0,0.0,0.0,365243.0,365243.0,140.0,140.0,-550.0,-550.0,365243.0,365243.0,-335.5,-581.0
80773,199007,0.0,Cash loans,F,0.0,0.0,2,153000.0,153310.5,11029.5,139500.0,ALONE,State servant,Secondary / secondary special,Married,House / apartment,0.00496,43.0,-3565,-698.0,-2436,-1.0,1,1,0,1,0,0,2,4.0,2,2,WEED,14,0,0,0,0,0,0,Military,,0.6053646072684793,0.7789040389824382,1.0,0.0,1.0,0.0,-479.0,0,1,0,0,0,0,0,0,0,0,0,0,0,0,0,0,0,0,0,0,0.0,0.0,0.0,0.0,0.0,2.0,5586206.0,-834.8,0.0,364.6,-934.3333,0.0,0.0,1061487.0,808751.7,0.0,0.0,-569.2,,,5.0,0.4,425.0,0.6,0.7619045,0.0,0.0,,,,,,,,,,,,,,,,,,,,,,,,,,,,,16982.033,84352.5,94743.0,3375.0,84352.5,0.5,14.5,1.0,1.0,0.100137085,-1192.5,103.0,9.0,365243.0,-1162.0,-922.0,-937.0,-934.0,0.5,0.93786705,0.101255566,0.93786705,1.0728092,1.0,9.0,18.0,0.100137085,0.100137085,0.93786705,0.93786705,0.101255566,0.101255566,0.93786705,0.93786705,1.0728092,1.0728092,1.0,1.0,-937.0,-1575.0,-922.0,-1545.0,-1162.0,-1875.0,365243.0,365243.0,-1192.5,-1906.0
82856,201608,0.0,Cash loans,M,0.0,1.0,0,45000.0,314100.0,16573.5,225000.0,ALONE,Working,Secondary / secondary special,Widow,House / apartment,0.031329,43.0,-5232,-3838.0,-37,-1.0,1,1,0,1,0,0,2,1.0,2,2,WEED,9,0,0,0,0,0,0,Agriculture,0.4116926600470889,0.2622583692422573,,1.0,0.0,1.0,0.0,-2489.0,0,1,0,0,0,0,0,0,0,0,0,0,0,0,0,0,0,0,0,0,,,,,,,,,,,,,,,,,,,,,,,,,,,,,,,,,,,,,,,,,,,,,,,,,,,,,,,,3893.94,25596.0,24552.0,2565.0,25596.0,1.0,10.0,1.0,1.0,0.103017226,-2489.0,10.0,8.0,365243.0,-2457.0,-2247.0,-2247.0,-2244.0,1.0,1.042522,0.10447214,1.042522,0.95921236,1.0,8.0,8.0,0.103017226,0.103017226,1.042522,1.042522,0.10447214,0.10447214,1.042522,1.042522,0.95921236,0.95921236,1.0,1.0,-2247.0,-2247.0,-2247.0,-2247.0,-2457.0,-2457.0,365243.0,365243.0,-2489.0,-2489.0
84361,203513,0.0,Cash loans,F,0.0,0.0,0,67500.0,135000.0,14539.5,135000.0,ALONE,Pensioner,Secondary / secondary special,Widow,House / apartment,0.018029,43.0,365243,-3931.0,-4166,-1.0,1,0,0,1,1,0,,1.0,3,3,WEED,16,0,0,0,0,0,0,XNA,,0.6556292515239256,,0.0,0.0,0.0,0.0,-2310.0,0,1,0,0,0,0,0,0,0,0,0,0,0,0,0,0,0,0,0,0,0.0,0.0,0.0,0.0,0.0,0.0,5439535.5,-556.1666666666666,0.0,9087.0,-81.8,0.0,0.5,45369.0,0.0,,0.0,-158.66666666666666,2661.9001,-17.666666666666668,3.0,0.16666666666666666,446.1666666666667,1.0,0.0,,0.5,,,,,,,,,,,,,,,,,,,,,,,,,,,,,5098.68,50499.0,26500.5,25249.5,50499.0,0.0,13.0,1.0,1.0,0.53138167,-2310.0,125.0,6.0,365243.0,-2279.0,-2129.0,-2129.0,-1360.0,1.0,1.9055867,0.95279336,1.9055867,0.52477276,1.0,6.0,6.0,0.53138167,0.53138167,1.9055867,1.9055867,0.95279336,0.95279336,1.9055867,1.9055867,0.52477276,0.52477276,1.0,1.0,-2129.0,-2129.0,-2129.0,-2129.0,-2279.0,-2279.0,365243.0,365243.0,-2310.0,-2310.0
84405,203572,0.0,Cash loans,F,0.0,1.0,0,112500.0,675000.0,29862.0,675000.0,ALONE,Pensioner,Secondary / secondary special,Single / not married,House / apartment,0.01885,43.0,365243,-9003.0,-4524,-1.0,1,0,0,1,0,0,,1.0,2,2,WEED,10,0,0,0,0,0,0,XNA,0.7601200360221271,0.391399483383137,0.7032033049040319,0.0,0.0,0.0,0.0,-940.0,0,1,0,0,0,0,0,0,0,0,0,0,0,0,0,0,0,0,0,0,0.0,0.0,0.0,0.0,0.0,4.0,5177505.5,-966.75,0.0,172.875,-672.6,0.0,0.0,289021.94,164243.25,0.0,0.0,-326.5,7760.7,-31.25,4.0,0.375,288.5,0.5,0.5682726,0.0,0.0,1750087.0,-24.0,25095.111,88563.82978723405,5940.0,5687.234,0.0,0.0,1431.4817,7484.2554,7484.2554,23807.645,24688.615,24688.615,0.33333334,0.3191489361702128,0.0,0.0,15.454545,0.1702127659574468,0.1702127659574468,23.0,0.3605506614251784,1.0,0.1702127659574468,0.0,100.0,1782000.0,8292.818,100692.64,107394.75,1478.0454,100692.64,0.14285714285714285,10.857142857142858,1.0,1.0,0.059443884,-1907.7142857142858,118.5,11.714286,334690.9,-1731.75,29149.25,-1360.5834,29109.334,0.071428575,0.95635307,0.06065019,0.95635307,,1.0,11.714286,164.0,0.059443884,0.059443884,0.95635307,0.95635307,0.06065019,0.06065019,0.95635307,0.95635307,,,1.0,1.0,-1360.5834,-2652.0,29149.25,-2652.0,-1731.75,-2862.0,334690.9,-1382.0,-1907.7142857142858,-1443.0
85748,205206,1.0,Cash loans,F,0.0,1.0,2,90000.0,276277.5,21825.0,238500.0,ALONE,Working,Secondary / secondary special,Married,House / apartment,0.020246,43.0,-160,-16.0,-3878,-1.0,1,1,0,1,0,0,3,4.0,3,3,WEED,9,0,0,0,0,0,0,Self-employed,0.4123051069319039,0.0002804178296403,,9.0,1.0,9.0,1.0,-487.0,0,1,0,0,0,0,0,0,0,0,0,0,0,0,0,0,0,0,0,0,0.0,0.0,0.0,0.0,0.0,1.0,,,,,,,,,,,,,,,,,,,,,,,,,,,,,,,,,,,,,,,,,,,,,,,,,,8339.805,92655.0,83389.5,9265.5,92655.0,0.0,9.0,1.0,1.0,0.10890909,-487.0,100.0,12.0,365243.0,-456.0,-126.0,-216.0,-208.0,0.0,1.1111112,0.11111111,1.1111112,0.9,1.0,12.0,12.0,0.10890909,0.10890909,1.1111112,1.1111112,0.11111111,0.11111111,1.1111112,1.1111112,0.9,0.9,1.0,1.0,-216.0,-216.0,-126.0,-126.0,-456.0,-456.0,365243.0,365243.0,-487.0,-487.0
86176,205753,1.0,Cash loans,M,0.0,1.0,1,180000.0,341280.0,27094.5,270000.0,ALONE,Working,Secondary / secondary special,Married,House / apartment,0.007305,43.0,-655,-3029.0,-3117,-1.0,1,1,0,1,0,0,3,3.0,3,3,WEED,8,0,0,0,0,0,0,Construction,0.1680381455618717,0.4630747504041727,0.1110424022694314,2.0,2.0,2.0,2.0,-851.0,0,0,0,0,0,0,1,0,0,0,0,0,0,0,0,0,0,0,0,0,0.0,0.0,1.0,0.0,0.0,3.0,6392407.5,-160.5,0.0,1250.5,,,0.0,453213.0,371506.5,0.0,0.0,-80.0,,-5.0,1.0,1.0,0.5,1.0,0.8197172,0.0,0.0,1642927.0,-15.0,0.0,240000.0,,0.0,,,0.0,,0.0,0.0,0.0,0.0,,0.0,,,0.0,0.0,0.0,0.0,0.0,0.0,0.0,0.0,,,23336.352,138067.2,305844.3,4767.0,172584.0,0.4,9.8,1.0,1.0,0.10891252,-1050.4,250.4,8.2,365243.0,72193.6,72415.6,72391.6,-706.2,0.2,0.8027179,0.14286356,0.8027179,1.049764,1.0,8.2,41.0,0.10891252,0.10891252,0.8027179,0.8027179,0.14286356,0.14286356,0.8027179,0.8027179,1.049764,1.049764,1.0,1.0,72391.6,-1445.0,72415.6,-1445.0,72193.6,-1565.0,365243.0,365243.0,-1050.4,-851.0
90475,210986,0.0,Cash loans,M,1.0,1.0,0,202500.0,755190.0,30078.0,675000.0,FAMILY,Commercial associate,Secondary / secondary special,Married,House / apartment,0.005084,43.0,-7243,-7940.0,-4573,7.0,1,1,0,1,1,0,,2.0,2,2,WEED,15,0,0,0,0,0,0,Trade: type 7,,0.5967496787090028,0.6956219298394389,0.0,0.0,0.0,0.0,-1364.0,0,1,0,0,0,0,0,0,0,0,0,0,0,0,0,0,0,0,0,0,0.0,0.0,0.0,1.0,0.0,1.0,6346366.0,-1511.111111111111,0.0,-466.625,-898.4,0.0,0.0,186187.5,29134.0,27869.855,0.0,-463.3333333333333,3214.2856,-49.111111111111114,4.5,0.4444444444444444,172.22222222222223,0.4444444444444444,0.15647668,0.0,0.0,2721266.0,-22.5,103356.59,225000.0,3947.7273,15014.531,0.0,11066.804,9648.255,14663.2705,9800.163,100454.72,103455.02,103455.02,0.09090909,0.2727272727272727,0.0,0.18181819,19.714285,0.0,0.0,37.0,1.0081309722222223,0.0,0.0,13.636363636363637,26.292711,5505328.125,14831.295,243900.0,347898.0,5670.0,365850.0,0.3333333333333333,12.666666666666666,1.0,1.0,0.10890909,-1299.3333333333333,2.6666666666666665,19.333334,181947.5,-1420.0,181990.0,181990.0,181992.5,-0.33333334,0.66346735,0.11111111,0.66346735,1.01864,1.0,19.333334,58.0,0.10890909,0.10890909,0.66346735,0.66346735,0.11111111,0.11111111,0.66346735,0.66346735,1.01864,1.01864,1.0,1.0,181990.0,-1263.0,181990.0,-1263.0,-1420.0,-1533.0,181947.5,-1348.0,-1299.3333333333333,-1564.0
94485,215888,0.0,Cash loans,F,0.0,1.0,0,166500.0,1006920.0,42790.5,900000.0,ALONE,Working,Secondary / secondary special,Widow,Municipal apartment,0.02461,43.0,-4386,-4229.0,-5789,-1.0,1,1,0,1,0,0,2,1.0,2,2,WEED,13,0,0,0,0,0,0,School,0.4867091158912143,0.4458252421447032,0.7801436381572275,1.0,0.0,1.0,0.0,-1462.0,0,1,0,0,0,0,0,0,0,0,0,0,0,0,0,0,0,0,0,0,0.0,0.0,0.0,0.0,0.0,2.0,5421701.0,-2190.0,0.0,-1876.0,-903.0,,0.0,80073.0,0.0,,0.0,-900.0,,,1.0,0.0,0.0,0.0,0.0,,0.0,2645457.0,-12.5,0.0,900000.0,,0.0,,,0.0,,0.0,0.0,0.0,0.0,,0.0,,,0.0,0.0,0.0,0.0,0.0,0.0,0.0,0.0,,,25664.445,129093.75,365629.5,36000.0,172125.0,0.0,14.0,1.0,1.0,0.24002665,-797.25,8.0,9.0,365243.0,90707.0,90954.5,182258.0,182264.0,0.5,0.716359,0.2826955,0.716359,1.0765812,1.0,9.0,36.0,0.24002665,0.24002665,0.716359,0.716359,0.2826955,0.2826955,0.716359,0.716359,1.0765812,1.0765812,1.0,1.0,182258.0,-1101.0,90954.5,-1101.0,90707.0,-1431.0,365243.0,365243.0,-797.25,-683.0
99221,221640,0.0,Cash loans,F,1.0,1.0,0,135000.0,879934.5,37413.0,711000.0,ALONE,Working,Secondary / secondary special,Married,Municipal apartment,0.018029,43.0,-3097,-5114.0,-1433,15.0,1,1,1,1,1,0,3,2.0,3,3,WEED,9,0,0,0,0,1,1,Business Entity Type 3,,0.4233900783866394,0.6006575372857061,0.0,0.0,0.0,0.0,-1007.0,0,1,0,0,0,0,0,0,0,0,0,0,0,0,0,0,0,0,0,0,0.0,0.0,0.0,0.0,0.0,3.0,5908089.0,-1173.0,0.0,-199.0,-791.5,,0.0,386827.5,166342.44,,0.0,-440.6666666666667,,,3.0,0.3333333333333333,812.3333333333334,0.3333333333333333,0.43001708,0.0,0.0,,,,,,,,,,,,,,,,,,,,,,,,,,,,,30387.926,642830.6,695779.9,10264.5,642830.6,0.25,8.375,1.0,1.0,0.10890909,-609.75,66.625,32.75,365243.0,-860.75,-5.75,90834.0,90838.5,-0.125,0.9438521,0.11111111,0.9438521,1.0650501,1.0,32.75,262.0,0.10890909,0.10890909,0.9438521,0.9438521,0.11111111,0.11111111,0.9438521,0.9438521,1.0650501,1.0650501,1.0,1.0,90834.0,-1181.0,-5.75,-1151.0,-860.75,-1421.0,365243.0,365243.0,-609.75,-322.0
104682,228304,0.0,Cash loans,M,0.0,0.0,0,180000.0,750154.5,36085.5,670500.0,ALONE,Working,Incomplete higher,Single / not married,House / apartment,0.018801,43.0,-3165,-3385.0,-3025,-1.0,1,1,0,1,0,0,2,1.0,2,2,WEEKEND,14,0,0,0,0,0,0,Business Entity Type 3,,0.2482519141574502,,0.0,0.0,0.0,0.0,-2489.0,0,1,0,0,0,0,0,0,0,0,0,0,0,0,0,0,0,0,0,0,,,,,,,,,,,,,,,,,,,,,,,,,,,,1230152.0,-18.0,187076.3,385714.28571428574,15428.571,17921.057,0.0,2492.4856,9149.718,13477.5,13092.429,181719.53,187100.97,187100.97,0.4857143,0.5714285714285714,0.0,0.08571429,17.5,0.14285714285714285,0.14285714285714285,34.0,0.9268663541666667,1.0,0.14285714285714285,2.857142857142857,86.09186,3136185.0,9967.77,54435.027,109774.9,7584.0,72580.03,0.5,13.25,1.0,1.0,0.11128585,-1512.0,71.25,7.0,273660.25,-1474.5,90284.25,181541.5,181546.25,0.5,0.78016096,0.12484488,0.78016096,0.9788655,1.0,7.0,28.0,0.11128585,0.11128585,0.78016096,0.78016096,0.12484488,0.12484488,0.78016096,0.78016096,0.9788655,0.9788655,1.0,1.0,181541.5,-2308.0,90284.25,-2308.0,-1474.5,-2458.0,273660.25,-1088.0,-1512.0,-2373.0
104724,228359,0.0,Cash loans,M,1.0,0.0,0,81000.0,544491.0,20133.0,454500.0,ALONE,Working,Secondary / secondary special,Married,House / apartment,0.020713,43.0,-1929,-1565.0,-2653,16.0,1,1,1,1,1,0,2,2.0,3,3,WEED,14,0,0,0,0,0,0,Business Entity Type 2,,0.610519323009573,0.7136313997323308,0.0,0.0,0.0,0.0,-1412.0,0,1,0,0,0,0,0,0,0,0,0,0,0,0,0,0,0,0,0,0,0.0,0.0,0.0,0.0,0.0,1.0,5604548.5,-1686.0,0.0,-665.5,-2132.0,0.0,0.0,290407.5,137148.75,0.0,0.0,-1076.0,,,2.0,0.5,631.0,0.5,0.47226313,0.0,0.0,,,,,,,,,,,,,,,,,,,,,,,,,,,,,10364.4,99585.0,109444.5,0.0,99585.0,0.0,9.0,1.0,1.0,0.0,-1412.0,76.0,12.0,365243.0,-1380.0,-1050.0,-1050.0,-1045.0,0.0,0.90991324,0.0,0.90991324,1.0990058,0.0,12.0,12.0,0.0,0.0,0.90991324,0.90991324,0.0,0.0,0.90991324,0.90991324,1.0990058,1.0990058,0.0,0.0,-1050.0,-1050.0,-1050.0,-1050.0,-1380.0,-1380.0,365243.0,365243.0,-1412.0,-1412.0
107824,232127,0.0,Cash loans,F,0.0,1.0,4,62550.0,1223010.0,48631.5,1125000.0,FAMILY,Working,Secondary / secondary special,Married,House / apartment,0.010006,43.0,-133,-1892.0,-1892,-1.0,1,1,1,1,0,0,,6.0,2,2,WEED,13,0,0,0,0,0,0,Business Entity Type 3,0.3736319268118463,0.6385278190986314,0.6413682574954046,4.0,0.0,3.0,0.0,-656.0,0,1,0,0,0,0,0,0,0,0,0,0,0,0,0,0,0,0,0,0,0.0,0.0,0.0,0.0,0.0,0.0,5403146.5,-429.0,0.0,-104.5,-14.0,,0.0,83472.75,0.0,0.0,0.0,-127.5,0.0,-13.5,1.0,0.5,72.0,0.0,0.0,,0.0,,,,,,,,,,,,,,,,,,,,,,,,,,,,,11938.005,62415.0,65709.0,0.0,62415.0,1.0,13.0,1.0,1.0,0.0,-656.0,180.0,6.0,365243.0,-624.0,-474.0,-534.0,-523.0,0.0,0.9498699,0.0,0.9498699,1.0527757,0.0,6.0,6.0,0.0,0.0,0.9498699,0.9498699,0.0,0.0,0.9498699,0.9498699,1.0527757,1.0527757,0.0,0.0,-534.0,-534.0,-474.0,-474.0,-624.0,-624.0,365243.0,365243.0,-656.0,-656.0
114200,239900,0.0,Cash loans,F,0.0,1.0,0,292500.0,675000.0,26541.0,675000.0,ALONE,Pensioner,Secondary / secondary special,Widow,House / apartment,0.025164,43.0,365243,-9495.0,-4063,-1.0,1,0,0,1,0,0,,1.0,2,2,WEED,8,0,0,0,0,0,0,XNA,,0.5976544475015996,0.6594055320683344,5.0,1.0,5.0,0.0,-1239.0,0,0,0,0,1,0,0,0,0,0,0,0,0,0,0,0,0,0,0,0,0.0,0.0,0.0,0.0,0.0,4.0,5484304.0,-1036.8,0.0,-696.2,-794.25,0.0,0.0,106281.24,0.0,0.0,0.0,-593.8,,,5.0,0.2,278.2,0.2,0.0,,0.0,2194565.0,-14.5,0.0,72321.42857142857,,0.0,,,0.0,,0.0,0.0,0.0,0.0,,0.0,,,0.0,0.0,0.0,0.0,0.0,0.0,0.0,0.0,,,15223.141,189353.58,223288.08,2497.5,441825.0,0.0,10.571428571428571,1.0,1.0,0.10426866,-530.1428571428571,14.714285714285714,19.5,365243.0,90747.0,91309.5,182299.25,182302.25,-0.14285715,0.7142552,0.10587562,0.7142552,1.0562998,1.0,19.5,78.0,0.10426866,0.10426866,0.7142552,0.7142552,0.10587562,0.10587562,0.7142552,0.7142552,1.0562998,1.0562998,1.0,1.0,182299.25,-1058.0,91309.5,-1058.0,90747.0,-1208.0,365243.0,365243.0,-530.1428571428571,-861.0
123269,251136,1.0,Cash loans,F,0.0,1.0,1,180000.0,1096020.0,56092.5,900000.0,ALONE,Commercial associate,Higher education,Married,House / apartment,0.018801,43.0,-783,-6009.0,-4790,-1.0,1,1,0,1,0,0,3,3.0,2,2,WEED,10,0,0,0,0,0,0,Business Entity Type 3,0.6165503616522545,0.5952595875353943,,3.0,0.0,3.0,0.0,-3884.0,0,1,0,0,0,0,0,0,0,0,0,0,0,0,0,0,0,0,0,0,,,,,,,,,,,,,,,,,,,,,,,,,,,,1286763.0,-4.5,138235.45,223312.5,0.0,39030.293,0.0,39030.293,5670.2026,15675.3,15675.3,135406.48,138235.45,138235.45,0.0,3.5,0.0,3.5,2.125,0.0,0.0,5.0,1.0057531937358277,0.0,0.0,0.0,0.0,1115151.2276785714,15992.204,127796.79,135688.5,0.0,298192.5,0.0,9.714285714285714,1.0,1.0,0.0,-387.57142857142856,3.4285714285714284,20.0,243409.67,-450.0,121949.0,243419.0,243421.67,-0.42857143,0.9755374,0.0,0.9755374,1.0264,0.0,20.0,60.0,0.0,0.0,0.9755374,0.9755374,0.0,0.0,0.9755374,0.9755374,1.0264,1.0264,0.0,0.0,243419.0,-229.0,121949.0,191.0,-450.0,-859.0,243409.67,-257.0,-387.57142857142856,-307.0
125063,253327,0.0,Cash loans,F,0.0,0.0,0,76500.0,1116000.0,32629.5,1116000.0,ALONE,Pensioner,Secondary / secondary special,Married,House / apartment,0.035792,43.0,365243,-4831.0,-2646,-1.0,1,0,0,1,1,0,,2.0,2,2,WEED,15,0,0,0,0,0,0,XNA,,0.7086546861060323,0.6545292802242897,0.0,0.0,0.0,0.0,-487.0,0,1,0,0,0,0,0,0,0,0,0,0,0,0,0,0,0,0,0,0,0.0,0.0,0.0,0.0,0.0,3.0,5246761.5,-1335.75,0.0,-985.75,-954.0,,0.0,97129.125,0.0,0.0,0.0,-953.25,,,4.0,0.0,219.75,0.0,0.0,,0.0,1981121.0,-3.5,152934.72,157500.0,10500.0,29848.14,0.0,19348.14,6319.5303,8204.355,6836.9624,149401.73,152411.22,152411.22,0.33333334,0.5,0.0,0.16666667,2.5,0.0,0.0,5.0,0.9905105034722221,0.0,0.0,0.0,35.17807,5969628.125,7796.5537,72962.1,75923.1,2022.75,91202.625,0.2,12.8,1.0,1.0,0.1255569,-705.2,72.4,7.5,273885.0,-792.5,90757.5,182003.5,182007.0,0.0,1.035561,0.14983334,1.035561,0.9852556,1.0,7.5,30.0,0.1255569,0.1255569,1.035561,1.035561,0.14983334,0.14983334,1.035561,1.035561,0.9852556,0.9852556,1.0,1.0,182003.5,-2286.0,90757.5,-2256.0,-792.5,-2406.0,273885.0,-189.0,-705.2,-191.0
125214,253522,0.0,Cash loans,M,1.0,0.0,1,157500.0,545040.0,25407.0,450000.0,FAMILY,Working,Secondary / secondary special,Married,House / apartment,0.018029,43.0,-625,-4216.0,-3268,9.0,1,1,0,1,0,0,2,3.0,3,3,WEED,9,0,0,0,0,0,0,Business Entity Type 2,,0.6097859027736124,0.2392262794694045,0.0,0.0,0.0,0.0,-287.0,0,1,0,0,0,0,0,0,0,0,0,0,0,0,0,0,0,0,0,0,0.0,0.0,0.0,0.0,0.0,0.0,5191655.5,-555.5,0.0,-679.5,-853.5,0.0,0.0,78332.85,3701.79,60423.21,0.0,-484.0,,,2.0,0.5,351.75,0.5,0.047257185,0.0,0.0,,,,,,,,,,,,,,,,,,,,,,,,,,,,,11308.87,145279.83,147582.9,9635.659,145279.83,0.4,10.2,1.0,1.0,0.17303112,-823.1,515.4,15.777778,365243.0,51501.145,-326.0,51582.57,51590.43,-0.3,1.1394602,0.23346329,1.1394602,0.91758883,1.0,15.777778,142.0,0.17303112,0.17303112,1.1394602,1.1394602,0.23346329,0.23346329,1.1394602,1.1394602,0.91758883,0.91758883,1.0,1.0,51582.57,-1786.0,-326.0,-1786.0,51501.145,-2056.0,365243.0,365243.0,-823.1,-2087.0
